trial,trial_type,frame,color,arrange,target,A,B,C
0,catch,0,Red,ABC,A,86,59,39
0,catch,1,Red,ABC,A,73,50,22
0,catch,2,Red,ABC,A,82,59,38
0,catch,3,Red,ABC,A,80,57,37
0,catch,4,Red,ABC,A,79,56,34
0,catch,5,Blue,ABC,A,66,45,22
0,catch,6,Blue,ABC,A,79,58,28
0,catch,7,Blue,ABC,A,83,57,33
0,catch,8,Blue,ABC,A,85,61,31
0,catch,9,Red,ABC,A,78,51,25
0,catch,10,Red,ABC,A,77,49,23
0,catch,11,Red,ABC,A,74,51,30
0,catch,12,Blue,ABC,A,89,67,42
0,catch,13,Red,ABC,A,72,51,27
0,catch,14,Red,ABC,A,75,49,26
0,catch,15,Red,ABC,A,69,44,15
0,catch,16,Blue,ABC,A,77,49,20
0,catch,17,Blue,ABC,A,80,56,32
0,catch,18,Blue,ABC,A,85,56,29
0,catch,19,Blue,ABC,A,77,55,27
0,catch,20,Blue,ABC,A,65,44,20
0,catch,21,Blue,ABC,A,87,61,32
0,catch,22,Red,ABC,A,79,56,32
0,catch,23,Blue,ABC,A,84,60,38
1,main,0,Red,BCA,C,41,69,73
1,main,1,Red,BCA,C,37,75,78
1,main,2,Red,BCA,C,53,49,55
1,main,3,Red,BCA,C,29,61,63
1,main,4,Blue,BCA,C,67,40,43
1,main,5,Blue,BCA,C,82,33,38
1,main,6,Blue,BCA,C,66,43,46
1,main,7,Blue,BCA,C,62,33,39
1,main,8,Blue,BCA,C,75,35,40
1,main,9,Blue,BCA,C,70,29,34
1,main,10,Red,BCA,C,51,75,79
1,main,11,Red,BCA,C,42,56,61
1,main,12,Blue,BCA,C,73,29,34
1,main,13,Blue,BCA,C,50,36,39
1,main,14,Red,BCA,C,37,75,78
1,main,15,Red,BCA,C,36,57,62
1,main,16,Blue,BCA,C,63,47,50
1,main,17,Red,BCA,C,44,69,74
1,main,18,Blue,BCA,C,79,32,35
1,main,19,Blue,BCA,C,82,32,34
1,main,20,Red,BCA,C,28,71,76
1,main,21,Red,BCA,C,39,65,68
1,main,22,Blue,BCA,C,72,33,38
1,main,23,Red,BCA,C,32,67,70
2,main,0,Red,CAB,C,40,67,69
2,main,1,Red,CAB,C,33,58,64
2,main,2,Red,CAB,C,43,62,67
2,main,3,Red,CAB,C,33,64,70
2,main,4,Blue,CAB,C,72,43,47
2,main,5,Blue,CAB,C,64,37,39
2,main,6,Blue,CAB,C,77,48,51
2,main,7,Blue,CAB,C,69,32,35
2,main,8,Blue,CAB,C,51,36,41
2,main,9,Blue,CAB,C,70,40,44
2,main,10,Red,CAB,C,53,58,63
2,main,11,Red,CAB,C,46,64,69
2,main,12,Blue,CAB,C,74,47,49
2,main,13,Blue,CAB,C,69,24,27
2,main,14,Red,CAB,C,38,78,83
2,main,15,Red,CAB,C,52,56,59
2,main,16,Blue,CAB,C,71,46,51
2,main,17,Red,CAB,C,47,59,63
2,main,18,Blue,CAB,C,75,24,29
2,main,19,Blue,CAB,C,78,46,50
2,main,20,Red,CAB,C,38,67,72
2,main,21,Red,CAB,C,29,77,80
2,main,22,Blue,CAB,C,77,42,45
2,main,23,Red,CAB,C,38,61,67
3,main,0,Red,ACB,A,43,41,69
3,main,1,Red,ACB,A,38,36,68
3,main,2,Red,ACB,A,46,42,80
3,main,3,Red,ACB,A,33,30,66
3,main,4,Blue,ACB,A,83,79,45
3,main,5,Blue,ACB,A,73,70,41
3,main,6,Blue,ACB,A,65,61,43
3,main,7,Blue,ACB,A,75,70,42
3,main,8,Blue,ACB,A,75,71,53
3,main,9,Blue,ACB,A,76,72,57
3,main,10,Red,ACB,A,34,31,65
3,main,11,Red,ACB,A,47,42,57
3,main,12,Blue,ACB,A,61,57,42
3,main,13,Blue,ACB,A,64,60,32
3,main,14,Red,ACB,A,41,36,62
3,main,15,Red,ACB,A,43,40,58
3,main,16,Blue,ACB,A,58,53,34
3,main,17,Red,ACB,A,37,34,62
3,main,18,Blue,ACB,A,70,64,49
3,main,19,Blue,ACB,A,79,76,41
3,main,20,Red,ACB,A,42,38,77
3,main,21,Red,ACB,A,36,32,80
3,main,22,Blue,ACB,A,80,75,43
3,main,23,Red,ACB,A,37,34,68
4,main,0,Red,CBA,A,36,30,62
4,main,1,Red,CBA,A,45,42,67
4,main,2,Red,CBA,A,41,38,65
4,main,3,Red,CBA,A,31,28,75
4,main,4,Blue,CBA,A,74,70,39
4,main,5,Blue,CBA,A,61,58,45
4,main,6,Blue,CBA,A,76,73,35
4,main,7,Blue,CBA,A,80,76,55
4,main,8,Blue,CBA,A,67,61,27
4,main,9,Blue,CBA,A,68,64,37
4,main,10,Red,CBA,A,35,31,76
4,main,11,Red,CBA,A,53,49,70
4,main,12,Blue,CBA,A,67,64,49
4,main,13,Blue,CBA,A,72,67,38
4,main,14,Red,CBA,A,43,40,56
4,main,15,Red,CBA,A,43,39,74
4,main,16,Blue,CBA,A,67,61,50
4,main,17,Red,CBA,A,33,31,71
4,main,18,Blue,CBA,A,70,66,47
4,main,19,Blue,CBA,A,70,64,35
4,main,20,Red,CBA,A,43,38,75
4,main,21,Red,CBA,A,39,34,64
4,main,22,Blue,CBA,A,72,70,36
4,main,23,Red,CBA,A,40,35,76
5,main,0,Red,CAB,A,40,35,69
5,main,1,Red,CAB,A,33,30,64
5,main,2,Red,CAB,A,43,39,67
5,main,3,Red,CAB,A,33,27,70
5,main,4,Blue,CAB,A,72,68,47
5,main,5,Blue,CAB,A,64,60,39
5,main,6,Blue,CAB,A,77,75,51
5,main,7,Blue,CAB,A,69,67,35
5,main,8,Blue,CAB,A,51,48,41
5,main,9,Blue,CAB,A,70,67,44
5,main,10,Red,CAB,A,53,50,63
5,main,11,Red,CAB,A,46,44,69
5,main,12,Blue,CAB,A,74,71,49
5,main,13,Blue,CAB,A,69,66,27
5,main,14,Red,CAB,A,38,33,83
5,main,15,Red,CAB,A,52,46,59
5,main,16,Blue,CAB,A,71,68,51
5,main,17,Red,CAB,A,47,43,63
5,main,18,Blue,CAB,A,75,71,29
5,main,19,Blue,CAB,A,78,75,50
5,main,20,Red,CAB,A,38,35,72
5,main,21,Red,CAB,A,29,26,80
5,main,22,Blue,CAB,A,77,73,45
5,main,23,Red,CAB,A,38,34,67
6,main,0,Red,ABC,A,43,38,85
6,main,1,Red,ABC,A,22,19,58
6,main,2,Red,ABC,A,39,37,69
6,main,3,Red,ABC,A,46,42,71
6,main,4,Blue,ABC,A,66,61,30
6,main,5,Blue,ABC,A,80,75,37
6,main,6,Blue,ABC,A,64,60,42
6,main,7,Blue,ABC,A,71,68,41
6,main,8,Blue,ABC,A,66,62,30
6,main,9,Blue,ABC,A,68,65,35
6,main,10,Red,ABC,A,47,41,66
6,main,11,Red,ABC,A,40,36,73
6,main,12,Blue,ABC,A,66,62,42
6,main,13,Blue,ABC,A,56,53,47
6,main,14,Red,ABC,A,43,40,70
6,main,15,Red,ABC,A,38,33,89
6,main,16,Blue,ABC,A,76,71,40
6,main,17,Red,ABC,A,41,38,72
6,main,18,Blue,ABC,A,74,72,37
6,main,19,Blue,ABC,A,72,70,38
6,main,20,Red,ABC,A,51,48,73
6,main,21,Red,ABC,A,51,46,71
6,main,22,Blue,ABC,A,72,70,38
6,main,23,Red,ABC,A,35,30,74
7,main,0,Red,CBA,C,31,55,60
7,main,1,Red,CBA,C,41,74,78
7,main,2,Red,CBA,C,38,69,72
7,main,3,Red,CBA,C,42,61,65
7,main,4,Blue,CBA,C,82,45,48
7,main,5,Blue,CBA,C,69,39,43
7,main,6,Blue,CBA,C,70,49,51
7,main,7,Blue,CBA,C,59,47,49
7,main,8,Blue,CBA,C,67,33,38
7,main,9,Blue,CBA,C,69,29,32
7,main,10,Red,CBA,C,36,61,65
7,main,11,Red,CBA,C,41,49,55
7,main,12,Blue,CBA,C,72,28,33
7,main,13,Blue,CBA,C,64,40,44
7,main,14,Red,CBA,C,41,58,63
7,main,15,Red,CBA,C,50,57,63
7,main,16,Blue,CBA,C,61,32,34
7,main,17,Red,CBA,C,38,61,64
7,main,18,Blue,CBA,C,68,39,43
7,main,19,Blue,CBA,C,58,37,42
7,main,20,Red,CBA,C,30,75,79
7,main,21,Red,CBA,C,40,60,66
7,main,22,Blue,CBA,C,66,27,31
7,main,23,Red,CBA,C,51,62,66
8,main,0,Red,BAC,A,33,27,70
8,main,1,Red,BAC,A,36,31,69
8,main,2,Red,BAC,A,41,36,73
8,main,3,Red,BAC,A,44,39,84
8,main,4,Blue,BAC,A,74,70,43
8,main,5,Blue,BAC,A,76,73,38
8,main,6,Blue,BAC,A,77,75,44
8,main,7,Blue,BAC,A,70,68,52
8,main,8,Blue,BAC,A,85,82,52
8,main,9,Blue,BAC,A,75,70,35
8,main,10,Red,BAC,A,26,20,73
8,main,11,Red,BAC,A,53,47,75
8,main,12,Blue,BAC,A,66,62,36
8,main,13,Blue,BAC,A,65,61,41
8,main,14,Red,BAC,A,38,35,77
8,main,15,Red,BAC,A,46,41,62
8,main,16,Blue,BAC,A,79,77,40
8,main,17,Red,BAC,A,50,47,63
8,main,18,Blue,BAC,A,65,62,43
8,main,19,Blue,BAC,A,73,67,37
8,main,20,Red,BAC,A,38,35,60
8,main,21,Red,BAC,A,44,40,77
8,main,22,Blue,BAC,A,71,66,55
8,main,23,Red,BAC,A,35,31,65
9,main,0,Red,CAB,C,40,62,65
9,main,1,Red,CAB,C,35,77,81
9,main,2,Red,CAB,C,23,66,70
9,main,3,Red,CAB,C,34,55,60
9,main,4,Blue,CAB,C,59,31,35
9,main,5,Blue,CAB,C,68,40,46
9,main,6,Blue,CAB,C,76,50,53
9,main,7,Blue,CAB,C,71,34,37
9,main,8,Blue,CAB,C,72,37,40
9,main,9,Blue,CAB,C,72,39,41
9,main,10,Red,CAB,C,33,59,61
9,main,11,Red,CAB,C,39,56,61
9,main,12,Blue,CAB,C,69,44,48
9,main,13,Blue,CAB,C,81,44,48
9,main,14,Red,CAB,C,44,57,63
9,main,15,Red,CAB,C,33,74,76
9,main,16,Blue,CAB,C,69,31,37
9,main,17,Red,CAB,C,37,62,67
9,main,18,Blue,CAB,C,65,43,46
9,main,19,Blue,CAB,C,68,27,30
9,main,20,Red,CAB,C,35,60,64
9,main,21,Red,CAB,C,50,66,70
9,main,22,Blue,CAB,C,92,45,49
9,main,23,Red,CAB,C,54,71,74
10,main,0,Red,CAB,C,48,59,64
10,main,1,Red,CAB,C,35,65,68
10,main,2,Red,CAB,C,41,67,73
10,main,3,Red,CAB,C,29,61,67
10,main,4,Blue,CAB,C,71,32,35
10,main,5,Blue,CAB,C,67,34,38
10,main,6,Blue,CAB,C,81,39,41
10,main,7,Blue,CAB,C,72,33,39
10,main,8,Blue,CAB,C,55,33,39
10,main,9,Blue,CAB,C,59,33,39
10,main,10,Red,CAB,C,35,65,70
10,main,11,Red,CAB,C,53,57,60
10,main,12,Blue,CAB,C,76,40,43
10,main,13,Blue,CAB,C,74,30,33
10,main,14,Red,CAB,C,38,71,74
10,main,15,Red,CAB,C,29,53,55
10,main,16,Blue,CAB,C,68,27,32
10,main,17,Red,CAB,C,27,64,67
10,main,18,Blue,CAB,C,65,38,40
10,main,19,Blue,CAB,C,76,36,41
10,main,20,Red,CAB,C,40,64,70
10,main,21,Red,CAB,C,40,65,69
10,main,22,Blue,CAB,C,64,47,50
10,main,23,Red,CAB,C,34,68,70
11,main,0,Red,ACB,A,41,38,71
11,main,1,Red,ACB,A,40,36,73
11,main,2,Red,ACB,A,58,55,64
11,main,3,Red,ACB,A,36,33,65
11,main,4,Blue,ACB,A,55,53,43
11,main,5,Blue,ACB,A,79,73,36
11,main,6,Blue,ACB,A,68,64,31
11,main,7,Blue,ACB,A,68,65,47
11,main,8,Blue,ACB,A,62,59,45
11,main,9,Blue,ACB,A,51,48,45
11,main,10,Red,ACB,A,40,36,74
11,main,11,Red,ACB,A,36,31,69
11,main,12,Blue,ACB,A,67,62,45
11,main,13,Blue,ACB,A,81,77,49
11,main,14,Red,ACB,A,40,36,59
11,main,15,Red,ACB,A,41,38,74
11,main,16,Blue,ACB,A,60,58,38
11,main,17,Red,ACB,A,35,30,63
11,main,18,Blue,ACB,A,82,77,43
11,main,19,Blue,ACB,A,78,74,32
11,main,20,Red,ACB,A,39,34,65
11,main,21,Red,ACB,A,36,31,58
11,main,22,Blue,ACB,A,65,60,37
11,main,23,Red,ACB,A,40,36,71
12,main,0,Red,BAC,C,45,63,67
12,main,1,Red,BAC,C,37,69,73
12,main,2,Red,BAC,C,40,68,71
12,main,3,Red,BAC,C,32,42,47
12,main,4,Blue,BAC,C,61,38,43
12,main,5,Blue,BAC,C,71,41,43
12,main,6,Blue,BAC,C,77,44,47
12,main,7,Blue,BAC,C,67,34,38
12,main,8,Blue,BAC,C,81,36,39
12,main,9,Blue,BAC,C,70,33,38
12,main,10,Red,BAC,C,48,64,67
12,main,11,Red,BAC,C,48,67,72
12,main,12,Blue,BAC,C,67,39,42
12,main,13,Blue,BAC,C,72,32,38
12,main,14,Red,BAC,C,44,65,71
12,main,15,Red,BAC,C,48,60,65
12,main,16,Blue,BAC,C,59,33,38
12,main,17,Red,BAC,C,31,77,80
12,main,18,Blue,BAC,C,76,36,40
12,main,19,Blue,BAC,C,73,50,55
12,main,20,Red,BAC,C,20,49,53
12,main,21,Red,BAC,C,28,63,69
12,main,22,Blue,BAC,C,67,34,39
12,main,23,Red,BAC,C,37,61,66
13,catch,0,Red,BAC,A,82,57,31
13,catch,1,Red,BAC,A,84,64,38
13,catch,2,Red,BAC,A,76,49,23
13,catch,3,Blue,BAC,A,79,58,35
13,catch,4,Red,BAC,A,86,59,37
13,catch,5,Blue,BAC,A,78,57,37
13,catch,6,Blue,BAC,A,72,45,17
13,catch,7,Red,BAC,A,78,57,35
13,catch,8,Blue,BAC,A,90,62,35
13,catch,9,Red,BAC,A,71,50,30
13,catch,10,Blue,BAC,A,81,60,32
13,catch,11,Blue,BAC,A,88,59,32
13,catch,12,Blue,BAC,A,76,54,31
13,catch,13,Red,BAC,A,74,50,23
13,catch,14,Blue,BAC,A,83,59,35
13,catch,15,Red,BAC,A,66,46,24
13,catch,16,Red,BAC,A,91,67,40
13,catch,17,Blue,BAC,A,77,53,32
13,catch,18,Red,BAC,A,93,65,39
13,catch,19,Blue,BAC,A,93,66,43
13,catch,20,Blue,BAC,A,72,47,18
13,catch,21,Red,BAC,A,76,56,33
13,catch,22,Blue,BAC,A,93,65,44
13,catch,23,Red,BAC,A,70,48,23
14,main,0,Red,BAC,C,33,65,70
14,main,1,Red,BAC,C,36,64,69
14,main,2,Red,BAC,C,41,70,73
14,main,3,Red,BAC,C,44,79,84
14,main,4,Blue,BAC,C,74,39,43
14,main,5,Blue,BAC,C,76,34,38
14,main,6,Blue,BAC,C,77,40,44
14,main,7,Blue,BAC,C,70,47,52
14,main,8,Blue,BAC,C,85,48,52
14,main,9,Blue,BAC,C,75,31,35
14,main,10,Red,BAC,C,26,70,73
14,main,11,Red,BAC,C,53,70,75
14,main,12,Blue,BAC,C,66,30,36
14,main,13,Blue,BAC,C,65,39,41
14,main,14,Red,BAC,C,38,72,77
14,main,15,Red,BAC,C,46,56,62
14,main,16,Blue,BAC,C,79,36,40
14,main,17,Red,BAC,C,50,60,63
14,main,18,Blue,BAC,C,65,37,43
14,main,19,Blue,BAC,C,73,35,37
14,main,20,Red,BAC,C,38,56,60
14,main,21,Red,BAC,C,44,73,77
14,main,22,Blue,BAC,C,71,51,55
14,main,23,Red,BAC,C,35,60,65
15,catch,0,Blue,CBA,A,70,49,27
15,catch,1,Red,CBA,A,77,51,27
15,catch,2,Red,CBA,A,91,62,34
15,catch,3,Red,CBA,A,82,57,33
15,catch,4,Red,CBA,A,82,58,29
15,catch,5,Blue,CBA,A,86,59,36
15,catch,6,Blue,CBA,A,84,57,32
15,catch,7,Red,CBA,A,91,66,41
15,catch,8,Blue,CBA,A,69,44,19
15,catch,9,Red,CBA,A,75,47,25
15,catch,10,Blue,CBA,A,81,60,33
15,catch,11,Red,CBA,A,81,52,30
15,catch,12,Red,CBA,A,67,47,26
15,catch,13,Blue,CBA,A,83,58,29
15,catch,14,Red,CBA,A,84,55,31
15,catch,15,Blue,CBA,A,77,55,32
15,catch,16,Blue,CBA,A,77,57,33
15,catch,17,Red,CBA,A,97,67,38
15,catch,18,Blue,CBA,A,76,46,22
15,catch,19,Blue,CBA,A,78,53,31
15,catch,20,Blue,CBA,A,64,41,19
15,catch,21,Red,CBA,A,77,55,32
15,catch,22,Blue,CBA,A,81,57,32
15,catch,23,Red,CBA,A,80,55,25
16,main,0,Red,BAC,C,41,58,63
16,main,1,Red,BAC,C,36,64,66
16,main,2,Red,BAC,C,34,68,71
16,main,3,Red,BAC,C,37,59,62
16,main,4,Blue,BAC,C,65,48,53
16,main,5,Blue,BAC,C,60,42,45
16,main,6,Blue,BAC,C,70,40,44
16,main,7,Blue,BAC,C,75,53,58
16,main,8,Blue,BAC,C,70,41,46
16,main,9,Blue,BAC,C,69,32,37
16,main,10,Red,BAC,C,43,69,72
16,main,11,Red,BAC,C,51,69,72
16,main,12,Blue,BAC,C,83,34,37
16,main,13,Blue,BAC,C,84,32,36
16,main,14,Red,BAC,C,36,70,73
16,main,15,Red,BAC,C,42,69,72
16,main,16,Blue,BAC,C,66,38,44
16,main,17,Red,BAC,C,42,62,64
16,main,18,Blue,BAC,C,78,38,44
16,main,19,Blue,BAC,C,64,42,47
16,main,20,Red,BAC,C,29,63,65
16,main,21,Red,BAC,C,53,57,59
16,main,22,Blue,BAC,C,72,44,48
16,main,23,Red,BAC,C,44,63,68
17,main,0,Red,ABC,C,44,66,70
17,main,1,Red,ABC,C,41,60,66
17,main,2,Red,ABC,C,33,64,69
17,main,3,Red,ABC,C,35,58,61
17,main,4,Blue,ABC,C,72,36,39
17,main,5,Blue,ABC,C,64,42,46
17,main,6,Blue,ABC,C,72,35,40
17,main,7,Blue,ABC,C,64,29,35
17,main,8,Blue,ABC,C,60,36,42
17,main,9,Blue,ABC,C,73,39,42
17,main,10,Red,ABC,C,32,71,76
17,main,11,Red,ABC,C,40,62,67
17,main,12,Blue,ABC,C,66,27,33
17,main,13,Blue,ABC,C,68,34,39
17,main,14,Red,ABC,C,48,63,65
17,main,15,Red,ABC,C,39,67,69
17,main,16,Blue,ABC,C,67,37,40
17,main,17,Red,ABC,C,47,60,66
17,main,18,Blue,ABC,C,60,30,34
17,main,19,Blue,ABC,C,66,47,50
17,main,20,Red,ABC,C,44,60,63
17,main,21,Red,ABC,C,34,63,66
17,main,22,Blue,ABC,C,72,34,38
17,main,23,Red,ABC,C,46,65,68
18,main,0,Red,CAB,C,48,70,72
18,main,1,Red,CAB,C,42,63,66
18,main,2,Red,CAB,C,59,73,76
18,main,3,Red,CAB,C,38,71,75
18,main,4,Blue,CAB,C,79,42,45
18,main,5,Blue,CAB,C,58,39,44
18,main,6,Blue,CAB,C,64,41,44
18,main,7,Blue,CAB,C,73,42,47
18,main,8,Blue,CAB,C,55,34,39
18,main,9,Blue,CAB,C,78,37,40
18,main,10,Red,CAB,C,29,48,51
18,main,11,Red,CAB,C,42,76,80
18,main,12,Blue,CAB,C,65,37,41
18,main,13,Blue,CAB,C,70,39,42
18,main,14,Red,CAB,C,42,73,76
18,main,15,Red,CAB,C,37,57,62
18,main,16,Blue,CAB,C,66,37,39
18,main,17,Red,CAB,C,44,62,65
18,main,18,Blue,CAB,C,92,42,48
18,main,19,Blue,CAB,C,70,37,42
18,main,20,Red,CAB,C,41,65,69
18,main,21,Red,CAB,C,37,75,79
18,main,22,Blue,CAB,C,80,33,39
18,main,23,Red,CAB,C,43,69,73
19,main,0,Red,CBA,A,27,23,59
19,main,1,Red,CBA,A,45,41,59
19,main,2,Red,CBA,A,35,33,66
19,main,3,Red,CBA,A,47,43,71
19,main,4,Blue,CBA,A,56,53,37
19,main,5,Blue,CBA,A,68,66,41
19,main,6,Blue,CBA,A,74,71,46
19,main,7,Blue,CBA,A,65,62,19
19,main,8,Blue,CBA,A,80,75,47
19,main,9,Blue,CBA,A,76,74,53
19,main,10,Red,CBA,A,39,34,61
19,main,11,Red,CBA,A,40,35,61
19,main,12,Blue,CBA,A,61,56,33
19,main,13,Blue,CBA,A,63,61,41
19,main,14,Red,CBA,A,34,29,64
19,main,15,Red,CBA,A,35,31,64
19,main,16,Blue,CBA,A,70,65,43
19,main,17,Red,CBA,A,29,26,64
19,main,18,Blue,CBA,A,61,57,59
19,main,19,Blue,CBA,A,69,64,49
19,main,20,Red,CBA,A,41,38,61
19,main,21,Red,CBA,A,34,29,65
19,main,22,Blue,CBA,A,72,66,44
19,main,23,Red,CBA,A,38,35,53
20,main,0,Red,BCA,C,52,65,68
20,main,1,Red,BCA,C,44,69,75
20,main,2,Red,BCA,C,26,55,61
20,main,3,Red,BCA,C,41,64,67
20,main,4,Blue,BCA,C,79,37,39
20,main,5,Blue,BCA,C,65,37,41
20,main,6,Blue,BCA,C,78,42,45
20,main,7,Blue,BCA,C,71,51,56
20,main,8,Blue,BCA,C,78,24,27
20,main,9,Blue,BCA,C,69,37,41
20,main,10,Red,BCA,C,43,49,54
20,main,11,Red,BCA,C,35,66,69
20,main,12,Blue,BCA,C,74,42,47
20,main,13,Blue,BCA,C,60,37,43
20,main,14,Red,BCA,C,49,69,71
20,main,15,Red,BCA,C,34,68,71
20,main,16,Blue,BCA,C,62,30,34
20,main,17,Red,BCA,C,44,67,70
20,main,18,Blue,BCA,C,71,41,44
20,main,19,Blue,BCA,C,64,35,38
20,main,20,Red,BCA,C,43,71,74
20,main,21,Red,BCA,C,40,62,68
20,main,22,Blue,BCA,C,68,26,31
20,main,23,Red,BCA,C,32,84,86
21,catch,0,Red,ABC,A,81,59,37
21,catch,1,Red,ABC,A,88,59,37
21,catch,2,Blue,ABC,A,80,57,29
21,catch,3,Blue,ABC,A,86,58,29
21,catch,4,Red,ABC,A,68,48,27
21,catch,5,Red,ABC,A,90,62,42
21,catch,6,Red,ABC,A,87,59,39
21,catch,7,Blue,ABC,A,84,64,34
21,catch,8,Red,ABC,A,67,45,24
21,catch,9,Red,ABC,A,80,58,34
21,catch,10,Red,ABC,A,90,68,42
21,catch,11,Blue,ABC,A,63,37,17
21,catch,12,Red,ABC,A,85,59,30
21,catch,13,Blue,ABC,A,89,67,37
21,catch,14,Blue,ABC,A,69,44,21
21,catch,15,Blue,ABC,A,57,33,10
21,catch,16,Red,ABC,A,72,47,23
21,catch,17,Red,ABC,A,81,53,29
21,catch,18,Red,ABC,A,74,53,27
21,catch,19,Blue,ABC,A,66,42,22
21,catch,20,Blue,ABC,A,87,63,33
21,catch,21,Blue,ABC,A,79,55,29
21,catch,22,Blue,ABC,A,70,48,26
21,catch,23,Blue,ABC,A,84,55,28
22,main,0,Red,ACB,C,43,65,69
22,main,1,Red,ACB,C,38,62,68
22,main,2,Red,ACB,C,46,75,80
22,main,3,Red,ACB,C,33,64,66
22,main,4,Blue,ACB,C,83,39,45
22,main,5,Blue,ACB,C,73,38,41
22,main,6,Blue,ACB,C,65,41,43
22,main,7,Blue,ACB,C,75,38,42
22,main,8,Blue,ACB,C,75,49,53
22,main,9,Blue,ACB,C,76,53,57
22,main,10,Red,ACB,C,34,60,65
22,main,11,Red,ACB,C,47,53,57
22,main,12,Blue,ACB,C,61,37,42
22,main,13,Blue,ACB,C,64,27,32
22,main,14,Red,ACB,C,41,57,62
22,main,15,Red,ACB,C,43,52,58
22,main,16,Blue,ACB,C,58,31,34
22,main,17,Red,ACB,C,37,58,62
22,main,18,Blue,ACB,C,70,47,49
22,main,19,Blue,ACB,C,79,36,41
22,main,20,Red,ACB,C,42,72,77
22,main,21,Red,ACB,C,36,76,80
22,main,22,Blue,ACB,C,80,37,43
22,main,23,Red,ACB,C,37,65,68
23,main,0,Red,CBA,A,31,29,60
23,main,1,Red,CBA,A,41,35,78
23,main,2,Red,CBA,A,38,32,72
23,main,3,Red,CBA,A,42,37,65
23,main,4,Blue,CBA,A,82,76,48
23,main,5,Blue,CBA,A,69,63,43
23,main,6,Blue,CBA,A,70,67,51
23,main,7,Blue,CBA,A,59,55,49
23,main,8,Blue,CBA,A,67,64,38
23,main,9,Blue,CBA,A,69,67,32
23,main,10,Red,CBA,A,36,32,65
23,main,11,Red,CBA,A,41,36,55
23,main,12,Blue,CBA,A,72,69,33
23,main,13,Blue,CBA,A,64,60,44
23,main,14,Red,CBA,A,41,39,63
23,main,15,Red,CBA,A,50,47,63
23,main,16,Blue,CBA,A,61,55,34
23,main,17,Red,CBA,A,38,34,64
23,main,18,Blue,CBA,A,68,63,43
23,main,19,Blue,CBA,A,58,56,42
23,main,20,Red,CBA,A,30,24,79
23,main,21,Red,CBA,A,40,35,66
23,main,22,Blue,CBA,A,66,60,31
23,main,23,Red,CBA,A,51,47,66
24,catch,0,Red,BAC,A,86,63,35
24,catch,1,Red,BAC,A,69,41,19
24,catch,2,Blue,BAC,A,87,67,37
24,catch,3,Red,BAC,A,83,61,33
24,catch,4,Blue,BAC,A,86,59,31
24,catch,5,Blue,BAC,A,71,49,24
24,catch,6,Blue,BAC,A,76,54,28
24,catch,7,Blue,BAC,A,85,56,34
24,catch,8,Red,BAC,A,74,51,29
24,catch,9,Blue,BAC,A,88,59,37
24,catch,10,Red,BAC,A,100,73,46
24,catch,11,Blue,BAC,A,77,50,23
24,catch,12,Blue,BAC,A,80,58,30
24,catch,13,Red,BAC,A,79,49,20
24,catch,14,Red,BAC,A,72,52,23
24,catch,15,Blue,BAC,A,83,55,32
24,catch,16,Red,BAC,A,78,55,26
24,catch,17,Red,BAC,A,72,51,27
24,catch,18,Red,BAC,A,88,60,31
24,catch,19,Blue,BAC,A,77,50,25
24,catch,20,Red,BAC,A,83,60,30
24,catch,21,Blue,BAC,A,67,40,16
24,catch,22,Blue,BAC,A,85,61,32
24,catch,23,Red,BAC,A,74,46,24
25,main,0,Red,CBA,C,41,67,69
25,main,1,Red,CBA,C,44,69,72
25,main,2,Red,CBA,C,50,60,63
25,main,3,Red,CBA,C,48,60,65
25,main,4,Blue,CBA,C,61,28,32
25,main,5,Blue,CBA,C,66,43,45
25,main,6,Blue,CBA,C,66,25,29
25,main,7,Blue,CBA,C,70,38,44
25,main,8,Blue,CBA,C,72,31,34
25,main,9,Blue,CBA,C,60,41,47
25,main,10,Red,CBA,C,46,79,84
25,main,11,Red,CBA,C,36,65,68
25,main,12,Blue,CBA,C,69,42,46
25,main,13,Blue,CBA,C,74,26,32
25,main,14,Red,CBA,C,47,62,65
25,main,15,Red,CBA,C,37,63,68
25,main,16,Blue,CBA,C,67,38,43
25,main,17,Red,CBA,C,39,74,77
25,main,18,Blue,CBA,C,72,45,48
25,main,19,Blue,CBA,C,54,36,39
25,main,20,Red,CBA,C,41,71,76
25,main,21,Red,CBA,C,38,68,71
25,main,22,Blue,CBA,C,80,30,34
25,main,23,Red,CBA,C,49,72,76
26,catch,0,Blue,ACB,A,85,64,38
26,catch,1,Red,ACB,A,76,54,27
26,catch,2,Blue,ACB,A,89,65,35
26,catch,3,Red,ACB,A,69,46,26
26,catch,4,Red,ACB,A,83,55,34
26,catch,5,Blue,ACB,A,84,64,37
26,catch,6,Red,ACB,A,71,49,29
26,catch,7,Blue,ACB,A,76,51,28
26,catch,8,Red,ACB,A,83,60,33
26,catch,9,Blue,ACB,A,67,44,22
26,catch,10,Blue,ACB,A,70,50,22
26,catch,11,Red,ACB,A,70,41,20
26,catch,12,Blue,ACB,A,65,42,19
26,catch,13,Red,ACB,A,81,57,37
26,catch,14,Red,ACB,A,69,45,20
26,catch,15,Blue,ACB,A,75,51,31
26,catch,16,Red,ACB,A,68,44,20
26,catch,17,Red,ACB,A,86,62,33
26,catch,18,Red,ACB,A,78,51,28
26,catch,19,Blue,ACB,A,85,62,33
26,catch,20,Blue,ACB,A,91,63,41
26,catch,21,Blue,ACB,A,85,64,38
26,catch,22,Red,ACB,A,83,58,35
26,catch,23,Blue,ACB,A,80,54,30
27,main,0,Red,ACB,A,35,32,66
27,main,1,Red,ACB,A,29,26,69
27,main,2,Red,ACB,A,41,37,65
27,main,3,Red,ACB,A,40,36,61
27,main,4,Blue,ACB,A,70,66,39
27,main,5,Blue,ACB,A,65,61,44
27,main,6,Blue,ACB,A,64,58,43
27,main,7,Blue,ACB,A,74,71,44
27,main,8,Blue,ACB,A,76,71,48
27,main,9,Blue,ACB,A,70,66,23
27,main,10,Red,ACB,A,45,41,61
27,main,11,Red,ACB,A,35,32,65
27,main,12,Blue,ACB,A,67,64,36
27,main,13,Blue,ACB,A,58,55,50
27,main,14,Red,ACB,A,28,23,60
27,main,15,Red,ACB,A,34,31,61
27,main,16,Blue,ACB,A,77,72,41
27,main,17,Red,ACB,A,42,36,71
27,main,18,Blue,ACB,A,62,59,42
27,main,19,Blue,ACB,A,62,56,34
27,main,20,Red,ACB,A,44,38,60
27,main,21,Red,ACB,A,27,23,76
27,main,22,Blue,ACB,A,66,62,39
27,main,23,Red,ACB,A,44,41,60
28,main,0,Red,ABC,C,43,81,85
28,main,1,Red,ABC,C,22,52,58
28,main,2,Red,ABC,C,39,64,69
28,main,3,Red,ABC,C,46,69,71
28,main,4,Blue,ABC,C,66,24,30
28,main,5,Blue,ABC,C,80,34,37
28,main,6,Blue,ABC,C,64,37,42
28,main,7,Blue,ABC,C,71,35,41
28,main,8,Blue,ABC,C,66,25,30
28,main,9,Blue,ABC,C,68,30,35
28,main,10,Red,ABC,C,47,63,66
28,main,11,Red,ABC,C,40,69,73
28,main,12,Blue,ABC,C,66,37,42
28,main,13,Blue,ABC,C,56,43,47
28,main,14,Red,ABC,C,43,65,70
28,main,15,Red,ABC,C,38,83,89
28,main,16,Blue,ABC,C,76,38,40
28,main,17,Red,ABC,C,41,70,72
28,main,18,Blue,ABC,C,74,33,37
28,main,19,Blue,ABC,C,72,36,38
28,main,20,Red,ABC,C,51,69,73
28,main,21,Red,ABC,C,51,68,71
28,main,22,Blue,ABC,C,72,34,38
28,main,23,Red,ABC,C,35,70,74
29,catch,0,Red,CAB,A,72,52,25
29,catch,1,Red,CAB,A,79,50,24
29,catch,2,Blue,CAB,A,74,50,23
29,catch,3,Red,CAB,A,80,54,29
29,catch,4,Blue,CAB,A,83,57,31
29,catch,5,Red,CAB,A,101,72,44
29,catch,6,Blue,CAB,A,72,44,23
29,catch,7,Blue,CAB,A,91,66,39
29,catch,8,Red,CAB,A,91,65,40
29,catch,9,Blue,CAB,A,77,50,29
29,catch,10,Red,CAB,A,78,57,35
29,catch,11,Blue,CAB,A,63,39,18
29,catch,12,Red,CAB,A,90,62,38
29,catch,13,Blue,CAB,A,85,55,29
29,catch,14,Blue,CAB,A,74,49,26
29,catch,15,Red,CAB,A,86,56,33
29,catch,16,Red,CAB,A,77,55,31
29,catch,17,Blue,CAB,A,83,62,34
29,catch,18,Red,CAB,A,84,55,34
29,catch,19,Blue,CAB,A,66,42,18
29,catch,20,Red,CAB,A,79,54,33
29,catch,21,Red,CAB,A,100,74,45
29,catch,22,Blue,CAB,A,80,50,29
29,catch,23,Blue,CAB,A,72,43,22
30,catch,0,Red,ACB,A,69,45,22
30,catch,1,Blue,ACB,A,84,60,32
30,catch,2,Red,ACB,A,77,53,26
30,catch,3,Red,ACB,A,66,44,21
30,catch,4,Red,ACB,A,85,56,30
30,catch,5,Red,ACB,A,81,56,30
30,catch,6,Blue,ACB,A,70,46,21
30,catch,7,Red,ACB,A,70,46,22
30,catch,8,Blue,ACB,A,81,60,39
30,catch,9,Red,ACB,A,78,52,24
30,catch,10,Red,ACB,A,87,62,40
30,catch,11,Red,ACB,A,76,50,29
30,catch,12,Blue,ACB,A,85,59,30
30,catch,13,Blue,ACB,A,94,69,43
30,catch,14,Blue,ACB,A,79,55,35
30,catch,15,Blue,ACB,A,75,53,30
30,catch,16,Red,ACB,A,93,64,36
30,catch,17,Blue,ACB,A,95,69,45
30,catch,18,Blue,ACB,A,73,45,21
30,catch,19,Blue,ACB,A,76,50,22
30,catch,20,Red,ACB,A,65,44,17
30,catch,21,Blue,ACB,A,79,59,37
30,catch,22,Blue,ACB,A,78,54,32
30,catch,23,Red,ACB,A,90,62,36
31,main,0,Red,ACB,C,41,61,64
31,main,1,Red,ACB,C,47,62,68
31,main,2,Red,ACB,C,40,76,80
31,main,3,Red,ACB,C,43,56,60
31,main,4,Blue,ACB,C,70,53,58
31,main,5,Blue,ACB,C,66,28,33
31,main,6,Blue,ACB,C,74,40,43
31,main,7,Blue,ACB,C,82,32,34
31,main,8,Blue,ACB,C,66,32,36
31,main,9,Blue,ACB,C,57,28,33
31,main,10,Red,ACB,C,42,58,63
31,main,11,Red,ACB,C,43,57,60
31,main,12,Blue,ACB,C,65,36,41
31,main,13,Blue,ACB,C,77,27,31
31,main,14,Red,ACB,C,36,66,71
31,main,15,Red,ACB,C,47,65,70
31,main,16,Blue,ACB,C,71,29,34
31,main,17,Red,ACB,C,42,62,68
31,main,18,Blue,ACB,C,60,38,41
31,main,19,Blue,ACB,C,61,43,47
31,main,20,Red,ACB,C,33,71,75
31,main,21,Red,ACB,C,28,69,75
31,main,22,Blue,ACB,C,65,40,45
31,main,23,Red,ACB,C,35,54,59
32,main,0,Red,ACB,C,35,61,66
32,main,1,Red,ACB,C,29,64,69
32,main,2,Red,ACB,C,41,60,65
32,main,3,Red,ACB,C,40,57,61
32,main,4,Blue,ACB,C,70,33,39
32,main,5,Blue,ACB,C,65,41,44
32,main,6,Blue,ACB,C,64,39,43
32,main,7,Blue,ACB,C,74,39,44
32,main,8,Blue,ACB,C,76,43,48
32,main,9,Blue,ACB,C,70,21,23
32,main,10,Red,ACB,C,45,57,61
32,main,11,Red,ACB,C,35,62,65
32,main,12,Blue,ACB,C,67,34,36
32,main,13,Blue,ACB,C,58,48,50
32,main,14,Red,ACB,C,28,56,60
32,main,15,Red,ACB,C,34,58,61
32,main,16,Blue,ACB,C,77,39,41
32,main,17,Red,ACB,C,42,66,71
32,main,18,Blue,ACB,C,62,40,42
32,main,19,Blue,ACB,C,62,31,34
32,main,20,Red,ACB,C,44,56,60
32,main,21,Red,ACB,C,27,72,76
32,main,22,Blue,ACB,C,66,35,39
32,main,23,Red,ACB,C,44,57,60
33,main,0,Red,ACB,C,48,53,57
33,main,1,Red,ACB,C,39,72,75
33,main,2,Red,ACB,C,34,55,59
33,main,3,Red,ACB,C,49,60,65
33,main,4,Blue,ACB,C,69,35,40
33,main,5,Blue,ACB,C,63,44,48
33,main,6,Blue,ACB,C,71,49,54
33,main,7,Blue,ACB,C,70,38,42
33,main,8,Blue,ACB,C,59,42,45
33,main,9,Blue,ACB,C,67,46,51
33,main,10,Red,ACB,C,43,66,69
33,main,11,Red,ACB,C,28,60,63
33,main,12,Blue,ACB,C,74,50,52
33,main,13,Blue,ACB,C,70,30,35
33,main,14,Red,ACB,C,31,67,72
33,main,15,Red,ACB,C,36,54,56
33,main,16,Blue,ACB,C,75,36,38
33,main,17,Red,ACB,C,29,71,75
33,main,18,Blue,ACB,C,79,48,50
33,main,19,Blue,ACB,C,74,36,41
33,main,20,Red,ACB,C,37,49,52
33,main,21,Red,ACB,C,49,66,69
33,main,22,Blue,ACB,C,62,42,47
33,main,23,Red,ACB,C,53,48,53
34,catch,0,Red,CAB,A,86,58,32
34,catch,1,Blue,CAB,A,79,53,26
34,catch,2,Blue,CAB,A,79,58,38
34,catch,3,Red,CAB,A,68,45,15
34,catch,4,Blue,CAB,A,85,65,35
34,catch,5,Blue,CAB,A,94,66,39
34,catch,6,Blue,CAB,A,79,54,32
34,catch,7,Red,CAB,A,86,58,32
34,catch,8,Blue,CAB,A,83,62,33
34,catch,9,Blue,CAB,A,89,65,43
34,catch,10,Blue,CAB,A,71,48,22
34,catch,11,Red,CAB,A,71,49,22
34,catch,12,Red,CAB,A,74,47,26
34,catch,13,Blue,CAB,A,68,41,21
34,catch,14,Blue,CAB,A,92,66,38
34,catch,15,Red,CAB,A,86,57,35
34,catch,16,Red,CAB,A,77,54,27
34,catch,17,Red,CAB,A,71,48,19
34,catch,18,Blue,CAB,A,86,56,32
34,catch,19,Blue,CAB,A,76,55,33
34,catch,20,Red,CAB,A,76,53,27
34,catch,21,Red,CAB,A,87,58,33
34,catch,22,Red,CAB,A,68,45,22
34,catch,23,Red,CAB,A,92,66,36
35,main,0,Red,BAC,C,51,62,64
35,main,1,Red,BAC,C,30,61,64
35,main,2,Red,BAC,C,48,62,68
35,main,3,Red,BAC,C,25,51,55
35,main,4,Blue,BAC,C,76,47,50
35,main,5,Blue,BAC,C,61,29,31
35,main,6,Blue,BAC,C,75,34,39
35,main,7,Blue,BAC,C,63,37,40
35,main,8,Blue,BAC,C,59,41,44
35,main,9,Blue,BAC,C,72,33,38
35,main,10,Red,BAC,C,29,67,73
35,main,11,Red,BAC,C,36,55,60
35,main,12,Blue,BAC,C,69,42,48
35,main,13,Blue,BAC,C,75,36,42
35,main,14,Red,BAC,C,36,61,66
35,main,15,Red,BAC,C,36,55,60
35,main,16,Blue,BAC,C,83,40,42
35,main,17,Red,BAC,C,43,63,65
35,main,18,Blue,BAC,C,65,39,43
35,main,19,Blue,BAC,C,66,38,42
35,main,20,Red,BAC,C,40,68,74
35,main,21,Red,BAC,C,53,71,76
35,main,22,Blue,BAC,C,63,40,43
35,main,23,Red,BAC,C,43,66,69
36,catch,0,Blue,CAB,A,67,46,25
36,catch,1,Blue,CAB,A,87,57,32
36,catch,2,Red,CAB,A,81,55,29
36,catch,3,Red,CAB,A,81,60,32
36,catch,4,Blue,CAB,A,79,52,29
36,catch,5,Red,CAB,A,90,61,34
36,catch,6,Blue,CAB,A,75,55,32
36,catch,7,Red,CAB,A,78,53,29
36,catch,8,Blue,CAB,A,69,46,26
36,catch,9,Red,CAB,A,80,50,24
36,catch,10,Red,CAB,A,80,54,26
36,catch,11,Blue,CAB,A,76,46,26
36,catch,12,Blue,CAB,A,79,54,27
36,catch,13,Red,CAB,A,83,58,34
36,catch,14,Red,CAB,A,84,61,36
36,catch,15,Blue,CAB,A,67,45,25
36,catch,16,Blue,CAB,A,80,57,30
36,catch,17,Red,CAB,A,86,58,35
36,catch,18,Blue,CAB,A,73,50,25
36,catch,19,Blue,CAB,A,75,51,29
36,catch,20,Red,CAB,A,72,48,23
36,catch,21,Red,CAB,A,87,62,39
36,catch,22,Red,CAB,A,81,57,30
36,catch,23,Blue,CAB,A,80,59,36
37,main,0,Red,BAC,A,40,35,61
37,main,1,Red,BAC,A,47,44,78
37,main,2,Red,BAC,A,42,36,65
37,main,3,Red,BAC,A,36,31,61
37,main,4,Blue,BAC,A,64,61,50
37,main,5,Blue,BAC,A,79,75,36
37,main,6,Blue,BAC,A,69,66,56
37,main,7,Blue,BAC,A,67,63,42
37,main,8,Blue,BAC,A,77,75,51
37,main,9,Blue,BAC,A,72,69,41
37,main,10,Red,BAC,A,31,27,66
37,main,11,Red,BAC,A,40,37,67
37,main,12,Blue,BAC,A,67,64,37
37,main,13,Blue,BAC,A,68,65,46
37,main,14,Red,BAC,A,32,26,58
37,main,15,Red,BAC,A,37,33,66
37,main,16,Blue,BAC,A,80,74,37
37,main,17,Red,BAC,A,41,35,74
37,main,18,Blue,BAC,A,60,55,36
37,main,19,Blue,BAC,A,67,62,47
37,main,20,Red,BAC,A,45,42,62
37,main,21,Red,BAC,A,40,35,69
37,main,22,Blue,BAC,A,71,66,50
37,main,23,Red,BAC,A,47,42,61
38,main,0,Red,ABC,C,38,72,77
38,main,1,Red,ABC,C,37,58,61
38,main,2,Red,ABC,C,43,69,73
38,main,3,Red,ABC,C,44,63,67
38,main,4,Blue,ABC,C,72,32,38
38,main,5,Blue,ABC,C,63,33,36
38,main,6,Blue,ABC,C,64,31,36
38,main,7,Blue,ABC,C,72,34,36
38,main,8,Blue,ABC,C,70,44,46
38,main,9,Blue,ABC,C,58,30,32
38,main,10,Red,ABC,C,39,56,58
38,main,11,Red,ABC,C,51,68,71
38,main,12,Blue,ABC,C,60,49,53
38,main,13,Blue,ABC,C,57,35,41
38,main,14,Red,ABC,C,45,59,62
38,main,15,Red,ABC,C,37,76,79
38,main,16,Blue,ABC,C,80,37,40
38,main,17,Red,ABC,C,37,62,68
38,main,18,Blue,ABC,C,60,25,31
38,main,19,Blue,ABC,C,66,39,43
38,main,20,Red,ABC,C,38,71,73
38,main,21,Red,ABC,C,45,65,70
38,main,22,Blue,ABC,C,68,28,33
38,main,23,Red,ABC,C,51,69,73
39,main,0,Red,BCA,A,41,36,73
39,main,1,Red,BCA,A,37,33,78
39,main,2,Red,BCA,A,53,49,55
39,main,3,Red,BCA,A,29,25,63
39,main,4,Blue,BCA,A,67,64,43
39,main,5,Blue,BCA,A,82,77,38
39,main,6,Blue,BCA,A,66,61,46
39,main,7,Blue,BCA,A,62,56,39
39,main,8,Blue,BCA,A,75,70,40
39,main,9,Blue,BCA,A,70,67,34
39,main,10,Red,BCA,A,51,46,79
39,main,11,Red,BCA,A,42,37,61
39,main,12,Blue,BCA,A,73,68,34
39,main,13,Blue,BCA,A,50,46,39
39,main,14,Red,BCA,A,37,34,78
39,main,15,Red,BCA,A,36,31,62
39,main,16,Blue,BCA,A,63,61,50
39,main,17,Red,BCA,A,44,41,74
39,main,18,Blue,BCA,A,79,74,35
39,main,19,Blue,BCA,A,82,79,34
39,main,20,Red,BCA,A,28,24,76
39,main,21,Red,BCA,A,39,37,68
39,main,22,Blue,BCA,A,72,68,38
39,main,23,Red,BCA,A,32,29,70
40,main,0,Red,ABC,C,40,87,92
40,main,1,Red,ABC,C,48,68,71
40,main,2,Red,ABC,C,41,64,70
40,main,3,Red,ABC,C,47,76,82
40,main,4,Blue,ABC,C,78,27,29
40,main,5,Blue,ABC,C,74,40,45
40,main,6,Blue,ABC,C,77,31,37
40,main,7,Blue,ABC,C,74,32,37
40,main,8,Blue,ABC,C,65,31,35
40,main,9,Blue,ABC,C,74,52,56
40,main,10,Red,ABC,C,43,72,77
40,main,11,Red,ABC,C,43,57,60
40,main,12,Blue,ABC,C,75,44,48
40,main,13,Blue,ABC,C,74,36,41
40,main,14,Red,ABC,C,34,70,76
40,main,15,Red,ABC,C,33,70,75
40,main,16,Blue,ABC,C,68,37,40
40,main,17,Red,ABC,C,30,65,70
40,main,18,Blue,ABC,C,68,42,45
40,main,19,Blue,ABC,C,97,23,27
40,main,20,Red,ABC,C,32,77,81
40,main,21,Red,ABC,C,44,73,77
40,main,22,Blue,ABC,C,75,27,32
40,main,23,Red,ABC,C,41,68,71
41,main,0,Red,ABC,C,17,67,71
41,main,1,Red,ABC,C,51,66,71
41,main,2,Red,ABC,C,43,63,68
41,main,3,Red,ABC,C,30,65,70
41,main,4,Blue,ABC,C,73,40,44
41,main,5,Blue,ABC,C,63,37,39
41,main,6,Blue,ABC,C,71,38,42
41,main,7,Blue,ABC,C,80,47,51
41,main,8,Blue,ABC,C,71,33,36
41,main,9,Blue,ABC,C,78,53,55
41,main,10,Red,ABC,C,45,57,61
41,main,11,Red,ABC,C,38,58,60
41,main,12,Blue,ABC,C,66,34,36
41,main,13,Blue,ABC,C,60,26,31
41,main,14,Red,ABC,C,34,66,72
41,main,15,Red,ABC,C,41,64,66
41,main,16,Blue,ABC,C,70,35,39
41,main,17,Red,ABC,C,37,63,66
41,main,18,Blue,ABC,C,75,43,46
41,main,19,Blue,ABC,C,70,23,26
41,main,20,Red,ABC,C,33,67,70
41,main,21,Red,ABC,C,31,56,62
41,main,22,Blue,ABC,C,67,34,37
41,main,23,Red,ABC,C,40,63,68
42,main,0,Red,BCA,A,36,33,71
42,main,1,Red,BCA,A,40,38,64
42,main,2,Red,BCA,A,44,40,63
42,main,3,Red,BCA,A,44,42,81
42,main,4,Blue,BCA,A,70,65,42
42,main,5,Blue,BCA,A,70,68,35
42,main,6,Blue,BCA,A,65,62,34
42,main,7,Blue,BCA,A,71,66,35
42,main,8,Blue,BCA,A,61,57,44
42,main,9,Blue,BCA,A,71,68,38
42,main,10,Red,BCA,A,33,28,64
42,main,11,Red,BCA,A,29,26,61
42,main,12,Blue,BCA,A,65,62,55
42,main,13,Blue,BCA,A,67,61,46
42,main,14,Red,BCA,A,41,38,65
42,main,15,Red,BCA,A,50,44,75
42,main,16,Blue,BCA,A,60,56,32
42,main,17,Red,BCA,A,42,39,59
42,main,18,Blue,BCA,A,65,61,43
42,main,19,Blue,BCA,A,74,69,49
42,main,20,Red,BCA,A,42,40,79
42,main,21,Red,BCA,A,43,40,56
42,main,22,Blue,BCA,A,82,77,42
42,main,23,Red,BCA,A,31,26,64
43,catch,0,Red,CBA,A,87,61,33
43,catch,1,Blue,CBA,A,79,54,29
43,catch,2,Blue,CBA,A,88,59,33
43,catch,3,Red,CBA,A,71,51,30
43,catch,4,Red,CBA,A,84,62,36
43,catch,5,Blue,CBA,A,91,62,38
43,catch,6,Red,CBA,A,75,48,26
43,catch,7,Blue,CBA,A,64,39,12
43,catch,8,Red,CBA,A,79,58,37
43,catch,9,Blue,CBA,A,76,56,31
43,catch,10,Blue,CBA,A,76,50,25
43,catch,11,Blue,CBA,A,84,59,31
43,catch,12,Red,CBA,A,70,46,24
43,catch,13,Blue,CBA,A,72,51,27
43,catch,14,Red,CBA,A,82,60,36
43,catch,15,Red,CBA,A,78,58,31
43,catch,16,Red,CBA,A,78,50,26
43,catch,17,Blue,CBA,A,81,61,31
43,catch,18,Blue,CBA,A,79,50,21
43,catch,19,Blue,CBA,A,86,61,33
43,catch,20,Red,CBA,A,94,68,46
43,catch,21,Red,CBA,A,73,51,29
43,catch,22,Blue,CBA,A,73,48,22
43,catch,23,Red,CBA,A,82,59,33
44,main,0,Red,CBA,C,45,65,69
44,main,1,Red,CBA,C,36,70,75
44,main,2,Red,CBA,C,43,62,65
44,main,3,Red,CBA,C,39,77,82
44,main,4,Blue,CBA,C,62,47,50
44,main,5,Blue,CBA,C,75,31,36
44,main,6,Blue,CBA,C,75,46,52
44,main,7,Blue,CBA,C,65,32,37
44,main,8,Blue,CBA,C,78,30,34
44,main,9,Blue,CBA,C,62,39,45
44,main,10,Red,CBA,C,43,70,72
44,main,11,Red,CBA,C,28,54,60
44,main,12,Blue,CBA,C,73,42,47
44,main,13,Blue,CBA,C,70,39,43
44,main,14,Red,CBA,C,49,64,67
44,main,15,Red,CBA,C,37,57,62
44,main,16,Blue,CBA,C,58,37,41
44,main,17,Red,CBA,C,42,62,67
44,main,18,Blue,CBA,C,63,39,44
44,main,19,Blue,CBA,C,62,35,38
44,main,20,Red,CBA,C,48,50,56
44,main,21,Red,CBA,C,42,58,64
44,main,22,Blue,CBA,C,65,30,34
44,main,23,Red,CBA,C,33,49,53
45,main,0,Red,BCA,C,40,72,77
45,main,1,Red,BCA,C,32,82,86
45,main,2,Red,BCA,C,40,70,73
45,main,3,Red,BCA,C,44,73,76
45,main,4,Blue,BCA,C,68,34,38
45,main,5,Blue,BCA,C,66,27,30
45,main,6,Blue,BCA,C,67,28,32
45,main,7,Blue,BCA,C,69,44,47
45,main,8,Blue,BCA,C,73,32,36
45,main,9,Blue,BCA,C,71,17,22
45,main,10,Red,BCA,C,44,75,80
45,main,11,Red,BCA,C,33,75,78
45,main,12,Blue,BCA,C,71,24,27
45,main,13,Blue,BCA,C,80,28,30
45,main,14,Red,BCA,C,40,63,66
45,main,15,Red,BCA,C,49,68,70
45,main,16,Blue,BCA,C,71,40,44
45,main,17,Red,BCA,C,51,74,77
45,main,18,Blue,BCA,C,78,18,22
45,main,19,Blue,BCA,C,68,44,47
45,main,20,Red,BCA,C,26,80,82
45,main,21,Red,BCA,C,39,65,70
45,main,22,Blue,BCA,C,70,41,45
45,main,23,Red,BCA,C,43,76,79
46,main,0,Red,ACB,A,36,33,77
46,main,1,Red,ACB,A,35,33,61
46,main,2,Red,ACB,A,36,33,67
46,main,3,Red,ACB,A,41,36,58
46,main,4,Blue,ACB,A,54,48,41
46,main,5,Blue,ACB,A,68,65,29
46,main,6,Blue,ACB,A,59,55,35
46,main,7,Blue,ACB,A,74,68,62
46,main,8,Blue,ACB,A,74,71,52
46,main,9,Blue,ACB,A,66,64,39
46,main,10,Red,ACB,A,34,30,77
46,main,11,Red,ACB,A,54,51,60
46,main,12,Blue,ACB,A,80,74,30
46,main,13,Blue,ACB,A,75,72,48
46,main,14,Red,ACB,A,39,37,67
46,main,15,Red,ACB,A,38,36,79
46,main,16,Blue,ACB,A,82,78,35
46,main,17,Red,ACB,A,39,34,73
46,main,18,Blue,ACB,A,72,68,46
46,main,19,Blue,ACB,A,66,63,33
46,main,20,Red,ACB,A,32,29,70
46,main,21,Red,ACB,A,40,37,65
46,main,22,Blue,ACB,A,68,63,32
46,main,23,Red,ACB,A,33,30,61
47,main,0,Red,CBA,A,45,42,69
47,main,1,Red,CBA,A,36,32,75
47,main,2,Red,CBA,A,43,38,65
47,main,3,Red,CBA,A,39,34,82
47,main,4,Blue,CBA,A,62,59,50
47,main,5,Blue,CBA,A,75,70,36
47,main,6,Blue,CBA,A,75,69,52
47,main,7,Blue,CBA,A,65,60,37
47,main,8,Blue,CBA,A,78,76,34
47,main,9,Blue,CBA,A,62,58,45
47,main,10,Red,CBA,A,43,38,72
47,main,11,Red,CBA,A,28,24,60
47,main,12,Blue,CBA,A,73,68,47
47,main,13,Blue,CBA,A,70,66,43
47,main,14,Red,CBA,A,49,43,67
47,main,15,Red,CBA,A,37,31,62
47,main,16,Blue,CBA,A,58,54,41
47,main,17,Red,CBA,A,42,39,67
47,main,18,Blue,CBA,A,63,58,44
47,main,19,Blue,CBA,A,62,57,38
47,main,20,Red,CBA,A,48,46,56
47,main,21,Red,CBA,A,42,37,64
47,main,22,Blue,CBA,A,65,61,34
47,main,23,Red,CBA,A,33,28,53
48,catch,0,Red,ABC,A,88,64,41
48,catch,1,Blue,ABC,A,84,57,34
48,catch,2,Red,ABC,A,70,49,27
48,catch,3,Blue,ABC,A,82,62,33
48,catch,4,Blue,ABC,A,80,51,26
48,catch,5,Red,ABC,A,78,57,35
48,catch,6,Red,ABC,A,80,57,28
48,catch,7,Red,ABC,A,75,50,28
48,catch,8,Red,ABC,A,66,44,14
48,catch,9,Red,ABC,A,68,42,15
48,catch,10,Blue,ABC,A,82,55,25
48,catch,11,Red,ABC,A,80,52,29
48,catch,12,Blue,ABC,A,84,54,30
48,catch,13,Blue,ABC,A,72,50,21
48,catch,14,Blue,ABC,A,78,58,37
48,catch,15,Red,ABC,A,66,45,23
48,catch,16,Blue,ABC,A,76,50,26
48,catch,17,Red,ABC,A,88,63,39
48,catch,18,Blue,ABC,A,100,71,41
48,catch,19,Blue,ABC,A,57,35,12
48,catch,20,Blue,ABC,A,86,60,33
48,catch,21,Blue,ABC,A,77,53,30
48,catch,22,Red,ABC,A,82,60,33
48,catch,23,Red,ABC,A,72,52,28
49,main,0,Red,ACB,C,41,68,71
49,main,1,Red,ACB,C,40,68,73
49,main,2,Red,ACB,C,58,59,64
49,main,3,Red,ACB,C,36,62,65
49,main,4,Blue,ACB,C,55,41,43
49,main,5,Blue,ACB,C,79,33,36
49,main,6,Blue,ACB,C,68,27,31
49,main,7,Blue,ACB,C,68,45,47
49,main,8,Blue,ACB,C,62,43,45
49,main,9,Blue,ACB,C,51,39,45
49,main,10,Red,ACB,C,40,70,74
49,main,11,Red,ACB,C,36,66,69
49,main,12,Blue,ACB,C,67,40,45
49,main,13,Blue,ACB,C,81,44,49
49,main,14,Red,ACB,C,40,55,59
49,main,15,Red,ACB,C,41,69,74
49,main,16,Blue,ACB,C,60,36,38
49,main,17,Red,ACB,C,35,59,63
49,main,18,Blue,ACB,C,82,38,43
49,main,19,Blue,ACB,C,78,29,32
49,main,20,Red,ACB,C,39,62,65
49,main,21,Red,ACB,C,36,53,58
49,main,22,Blue,ACB,C,65,32,37
49,main,23,Red,ACB,C,40,67,71
50,main,0,Red,ABC,A,34,28,59
50,main,1,Red,ABC,A,46,40,67
50,main,2,Red,ABC,A,29,25,70
50,main,3,Red,ABC,A,31,28,70
50,main,4,Blue,ABC,A,61,57,45
50,main,5,Blue,ABC,A,61,56,32
50,main,6,Blue,ABC,A,74,68,33
50,main,7,Blue,ABC,A,59,55,42
50,main,8,Blue,ABC,A,65,62,47
50,main,9,Blue,ABC,A,72,70,53
50,main,10,Red,ABC,A,40,38,77
50,main,11,Red,ABC,A,35,32,64
50,main,12,Blue,ABC,A,72,66,46
50,main,13,Blue,ABC,A,71,66,35
50,main,14,Red,ABC,A,33,29,63
50,main,15,Red,ABC,A,49,46,74
50,main,16,Blue,ABC,A,72,66,48
50,main,17,Red,ABC,A,42,36,65
50,main,18,Blue,ABC,A,72,67,43
50,main,19,Blue,ABC,A,75,73,43
50,main,20,Red,ABC,A,51,45,59
50,main,21,Red,ABC,A,38,34,67
50,main,22,Blue,ABC,A,72,69,34
50,main,23,Red,ABC,A,43,39,60
51,main,0,Red,BAC,A,45,41,67
51,main,1,Red,BAC,A,37,33,73
51,main,2,Red,BAC,A,40,37,71
51,main,3,Red,BAC,A,32,27,47
51,main,4,Blue,BAC,A,61,58,43
51,main,5,Blue,BAC,A,71,67,43
51,main,6,Blue,BAC,A,77,72,47
51,main,7,Blue,BAC,A,67,65,38
51,main,8,Blue,BAC,A,81,75,39
51,main,9,Blue,BAC,A,70,65,38
51,main,10,Red,BAC,A,48,45,67
51,main,11,Red,BAC,A,48,43,72
51,main,12,Blue,BAC,A,67,62,42
51,main,13,Blue,BAC,A,72,68,38
51,main,14,Red,BAC,A,44,41,71
51,main,15,Red,BAC,A,48,43,65
51,main,16,Blue,BAC,A,59,55,38
51,main,17,Red,BAC,A,31,29,80
51,main,18,Blue,BAC,A,76,71,40
51,main,19,Blue,BAC,A,73,71,55
51,main,20,Red,BAC,A,20,15,53
51,main,21,Red,BAC,A,28,22,69
51,main,22,Blue,BAC,A,67,63,39
51,main,23,Red,BAC,A,37,32,66
52,main,0,Red,ABC,C,34,54,59
52,main,1,Red,ABC,C,46,64,67
52,main,2,Red,ABC,C,29,67,70
52,main,3,Red,ABC,C,31,68,70
52,main,4,Blue,ABC,C,61,39,45
52,main,5,Blue,ABC,C,61,30,32
52,main,6,Blue,ABC,C,74,31,33
52,main,7,Blue,ABC,C,59,38,42
52,main,8,Blue,ABC,C,65,43,47
52,main,9,Blue,ABC,C,72,49,53
52,main,10,Red,ABC,C,40,72,77
52,main,11,Red,ABC,C,35,59,64
52,main,12,Blue,ABC,C,72,43,46
52,main,13,Blue,ABC,C,71,33,35
52,main,14,Red,ABC,C,33,59,63
52,main,15,Red,ABC,C,49,69,74
52,main,16,Blue,ABC,C,72,45,48
52,main,17,Red,ABC,C,42,60,65
52,main,18,Blue,ABC,C,72,41,43
52,main,19,Blue,ABC,C,75,40,43
52,main,20,Red,ABC,C,51,56,59
52,main,21,Red,ABC,C,38,64,67
52,main,22,Blue,ABC,C,72,30,34
52,main,23,Red,ABC,C,43,55,60
53,main,0,Red,CBA,C,27,54,59
53,main,1,Red,CBA,C,45,55,59
53,main,2,Red,CBA,C,35,61,66
53,main,3,Red,CBA,C,47,69,71
53,main,4,Blue,CBA,C,56,33,37
53,main,5,Blue,CBA,C,68,39,41
53,main,6,Blue,CBA,C,74,40,46
53,main,7,Blue,CBA,C,65,15,19
53,main,8,Blue,CBA,C,80,45,47
53,main,9,Blue,CBA,C,76,50,53
53,main,10,Red,CBA,C,39,56,61
53,main,11,Red,CBA,C,40,59,61
53,main,12,Blue,CBA,C,61,31,33
53,main,13,Blue,CBA,C,63,35,41
53,main,14,Red,CBA,C,34,60,64
53,main,15,Red,CBA,C,35,61,64
53,main,16,Blue,CBA,C,70,38,43
53,main,17,Red,CBA,C,29,60,64
53,main,18,Blue,CBA,C,61,55,59
53,main,19,Blue,CBA,C,69,44,49
53,main,20,Red,CBA,C,41,57,61
53,main,21,Red,CBA,C,34,62,65
53,main,22,Blue,CBA,C,72,39,44
53,main,23,Red,CBA,C,38,51,53
54,main,0,Red,BCA,A,39,36,79
54,main,1,Red,BCA,A,36,31,71
54,main,2,Red,BCA,A,45,43,62
54,main,3,Red,BCA,A,44,40,62
54,main,4,Blue,BCA,A,70,67,47
54,main,5,Blue,BCA,A,69,65,42
54,main,6,Blue,BCA,A,65,60,30
54,main,7,Blue,BCA,A,62,58,45
54,main,8,Blue,BCA,A,64,60,36
54,main,9,Blue,BCA,A,78,74,52
54,main,10,Red,BCA,A,43,38,67
54,main,11,Red,BCA,A,39,34,73
54,main,12,Blue,BCA,A,75,69,28
54,main,13,Blue,BCA,A,73,68,37
54,main,14,Red,BCA,A,49,44,76
54,main,15,Red,BCA,A,43,37,66
54,main,16,Blue,BCA,A,69,65,29
54,main,17,Red,BCA,A,52,49,60
54,main,18,Blue,BCA,A,67,63,58
54,main,19,Blue,BCA,A,66,63,37
54,main,20,Red,BCA,A,31,29,74
54,main,21,Red,BCA,A,34,28,70
54,main,22,Blue,BCA,A,73,68,49
54,main,23,Red,BCA,A,45,41,79
55,main,0,Red,BCA,C,39,75,79
55,main,1,Red,BCA,C,36,68,71
55,main,2,Red,BCA,C,45,58,62
55,main,3,Red,BCA,C,44,59,62
55,main,4,Blue,BCA,C,70,42,47
55,main,5,Blue,BCA,C,69,38,42
55,main,6,Blue,BCA,C,65,26,30
55,main,7,Blue,BCA,C,62,42,45
55,main,8,Blue,BCA,C,64,33,36
55,main,9,Blue,BCA,C,78,49,52
55,main,10,Red,BCA,C,43,63,67
55,main,11,Red,BCA,C,39,70,73
55,main,12,Blue,BCA,C,75,23,28
55,main,13,Blue,BCA,C,73,32,37
55,main,14,Red,BCA,C,49,73,76
55,main,15,Red,BCA,C,43,61,66
55,main,16,Blue,BCA,C,69,25,29
55,main,17,Red,BCA,C,52,57,60
55,main,18,Blue,BCA,C,67,55,58
55,main,19,Blue,BCA,C,66,34,37
55,main,20,Red,BCA,C,31,70,74
55,main,21,Red,BCA,C,34,67,70
55,main,22,Blue,BCA,C,73,46,49
55,main,23,Red,BCA,C,45,73,79
56,main,0,Red,CAB,A,40,37,65
56,main,1,Red,CAB,A,35,33,81
56,main,2,Red,CAB,A,23,18,70
56,main,3,Red,CAB,A,34,29,60
56,main,4,Blue,CAB,A,59,55,35
56,main,5,Blue,CAB,A,68,66,46
56,main,6,Blue,CAB,A,76,71,53
56,main,7,Blue,CAB,A,71,67,37
56,main,8,Blue,CAB,A,72,69,40
56,main,9,Blue,CAB,A,72,70,41
56,main,10,Red,CAB,A,33,27,61
56,main,11,Red,CAB,A,39,34,61
56,main,12,Blue,CAB,A,69,65,48
56,main,13,Blue,CAB,A,81,77,48
56,main,14,Red,CAB,A,44,40,63
56,main,15,Red,CAB,A,33,29,76
56,main,16,Blue,CAB,A,69,63,37
56,main,17,Red,CAB,A,37,32,67
56,main,18,Blue,CAB,A,65,59,46
56,main,19,Blue,CAB,A,68,65,30
56,main,20,Red,CAB,A,35,31,64
56,main,21,Red,CAB,A,50,47,70
56,main,22,Blue,CAB,A,92,88,49
56,main,23,Red,CAB,A,54,49,74
57,main,0,Red,ABC,A,44,39,70
57,main,1,Red,ABC,A,41,36,66
57,main,2,Red,ABC,A,33,28,69
57,main,3,Red,ABC,A,35,29,61
57,main,4,Blue,ABC,A,72,67,39
57,main,5,Blue,ABC,A,64,59,46
57,main,6,Blue,ABC,A,72,69,40
57,main,7,Blue,ABC,A,64,59,35
57,main,8,Blue,ABC,A,60,56,42
57,main,9,Blue,ABC,A,73,67,42
57,main,10,Red,ABC,A,32,28,76
57,main,11,Red,ABC,A,40,37,67
57,main,12,Blue,ABC,A,66,63,33
57,main,13,Blue,ABC,A,68,63,39
57,main,14,Red,ABC,A,48,44,65
57,main,15,Red,ABC,A,39,36,69
57,main,16,Blue,ABC,A,67,64,40
57,main,17,Red,ABC,A,47,42,66
57,main,18,Blue,ABC,A,60,55,34
57,main,19,Blue,ABC,A,66,63,50
57,main,20,Red,ABC,A,44,41,63
57,main,21,Red,ABC,A,34,30,66
57,main,22,Blue,ABC,A,72,66,38
57,main,23,Red,ABC,A,46,43,68
58,main,0,Red,ACB,A,48,44,57
58,main,1,Red,ACB,A,39,37,75
58,main,2,Red,ACB,A,34,28,59
58,main,3,Red,ACB,A,49,46,65
58,main,4,Blue,ACB,A,69,66,40
58,main,5,Blue,ACB,A,63,59,48
58,main,6,Blue,ACB,A,71,68,54
58,main,7,Blue,ACB,A,70,64,42
58,main,8,Blue,ACB,A,59,55,45
58,main,9,Blue,ACB,A,67,64,51
58,main,10,Red,ACB,A,43,41,69
58,main,11,Red,ACB,A,28,26,63
58,main,12,Blue,ACB,A,74,71,52
58,main,13,Blue,ACB,A,70,65,35
58,main,14,Red,ACB,A,31,27,72
58,main,15,Red,ACB,A,36,31,56
58,main,16,Blue,ACB,A,75,70,38
58,main,17,Red,ACB,A,29,23,75
58,main,18,Blue,ACB,A,79,76,50
58,main,19,Blue,ACB,A,74,68,41
58,main,20,Red,ACB,A,37,32,52
58,main,21,Red,ACB,A,49,47,69
58,main,22,Blue,ACB,A,62,59,47
58,main,23,Red,ACB,A,53,49,53
59,main,0,Red,BCA,A,54,48,67
59,main,1,Red,BCA,A,31,27,75
59,main,2,Red,BCA,A,40,35,61
59,main,3,Red,BCA,A,33,28,65
59,main,4,Blue,BCA,A,65,62,42
59,main,5,Blue,BCA,A,77,71,40
59,main,6,Blue,BCA,A,60,55,51
59,main,7,Blue,BCA,A,63,59,43
59,main,8,Blue,BCA,A,79,75,37
59,main,9,Blue,BCA,A,78,74,35
59,main,10,Red,BCA,A,35,29,55
59,main,11,Red,BCA,A,37,35,71
59,main,12,Blue,BCA,A,81,78,44
59,main,13,Blue,BCA,A,74,69,55
59,main,14,Red,BCA,A,43,38,83
59,main,15,Red,BCA,A,35,32,71
59,main,16,Blue,BCA,A,68,62,44
59,main,17,Red,BCA,A,48,44,67
59,main,18,Blue,BCA,A,74,70,34
59,main,19,Blue,BCA,A,75,71,46
59,main,20,Red,BCA,A,41,39,67
59,main,21,Red,BCA,A,41,36,74
59,main,22,Blue,BCA,A,68,64,48
59,main,23,Red,BCA,A,35,33,61
60,main,0,Red,BAC,C,40,55,61
60,main,1,Red,BAC,C,47,73,78
60,main,2,Red,BAC,C,42,61,65
60,main,3,Red,BAC,C,36,56,61
60,main,4,Blue,BAC,C,64,48,50
60,main,5,Blue,BAC,C,79,32,36
60,main,6,Blue,BAC,C,69,52,56
60,main,7,Blue,BAC,C,67,37,42
60,main,8,Blue,BAC,C,77,46,51
60,main,9,Blue,BAC,C,72,38,41
60,main,10,Red,BAC,C,31,63,66
60,main,11,Red,BAC,C,40,62,67
60,main,12,Blue,BAC,C,67,32,37
60,main,13,Blue,BAC,C,68,43,46
60,main,14,Red,BAC,C,32,55,58
60,main,15,Red,BAC,C,37,63,66
60,main,16,Blue,BAC,C,80,34,37
60,main,17,Red,BAC,C,41,68,74
60,main,18,Blue,BAC,C,60,33,36
60,main,19,Blue,BAC,C,67,43,47
60,main,20,Red,BAC,C,45,59,62
60,main,21,Red,BAC,C,40,64,69
60,main,22,Blue,BAC,C,71,47,50
60,main,23,Red,BAC,C,47,58,61
61,main,0,Red,CAB,C,33,68,72
61,main,1,Red,CAB,C,38,67,72
61,main,2,Red,CAB,C,25,68,71
61,main,3,Red,CAB,C,37,77,81
61,main,4,Blue,CAB,C,67,34,37
61,main,5,Blue,CAB,C,77,40,44
61,main,6,Blue,CAB,C,73,42,46
61,main,7,Blue,CAB,C,81,33,37
61,main,8,Blue,CAB,C,62,29,33
61,main,9,Blue,CAB,C,79,38,42
61,main,10,Red,CAB,C,36,65,69
61,main,11,Red,CAB,C,46,69,71
61,main,12,Blue,CAB,C,70,29,31
61,main,13,Blue,CAB,C,68,35,41
61,main,14,Red,CAB,C,49,66,70
61,main,15,Red,CAB,C,34,56,61
61,main,16,Blue,CAB,C,64,39,41
61,main,17,Red,CAB,C,37,64,67
61,main,18,Blue,CAB,C,78,31,35
61,main,19,Blue,CAB,C,81,36,38
61,main,20,Red,CAB,C,36,70,75
61,main,21,Red,CAB,C,44,63,66
61,main,22,Blue,CAB,C,72,51,54
61,main,23,Red,CAB,C,40,69,71
62,catch,0,Blue,CAB,A,82,62,34
62,catch,1,Red,CAB,A,74,50,28
62,catch,2,Blue,CAB,A,77,49,27
62,catch,3,Blue,CAB,A,84,58,37
62,catch,4,Red,CAB,A,89,64,36
62,catch,5,Red,CAB,A,73,50,26
62,catch,6,Red,CAB,A,82,55,32
62,catch,7,Blue,CAB,A,78,52,28
62,catch,8,Red,CAB,A,95,69,42
62,catch,9,Red,CAB,A,84,55,27
62,catch,10,Blue,CAB,A,89,68,39
62,catch,11,Blue,CAB,A,80,58,29
62,catch,12,Red,CAB,A,62,42,19
62,catch,13,Blue,CAB,A,83,54,28
62,catch,14,Red,CAB,A,89,59,38
62,catch,15,Blue,CAB,A,83,59,29
62,catch,16,Blue,CAB,A,61,41,17
62,catch,17,Blue,CAB,A,70,50,25
62,catch,18,Red,CAB,A,81,52,27
62,catch,19,Red,CAB,A,90,63,40
62,catch,20,Red,CAB,A,93,69,39
62,catch,21,Blue,CAB,A,93,65,41
62,catch,22,Red,CAB,A,82,58,31
62,catch,23,Blue,CAB,A,74,52,22
63,main,0,Red,BCA,A,52,47,68
63,main,1,Red,BCA,A,44,41,75
63,main,2,Red,BCA,A,26,21,61
63,main,3,Red,BCA,A,41,37,67
63,main,4,Blue,BCA,A,79,73,39
63,main,5,Blue,BCA,A,65,60,41
63,main,6,Blue,BCA,A,78,74,45
63,main,7,Blue,BCA,A,71,68,56
63,main,8,Blue,BCA,A,78,76,27
63,main,9,Blue,BCA,A,69,64,41
63,main,10,Red,BCA,A,43,40,54
63,main,11,Red,BCA,A,35,29,69
63,main,12,Blue,BCA,A,74,69,47
63,main,13,Blue,BCA,A,60,56,43
63,main,14,Red,BCA,A,49,46,71
63,main,15,Red,BCA,A,34,31,71
63,main,16,Blue,BCA,A,62,58,34
63,main,17,Red,BCA,A,44,40,70
63,main,18,Blue,BCA,A,71,68,44
63,main,19,Blue,BCA,A,64,58,38
63,main,20,Red,BCA,A,43,40,74
63,main,21,Red,BCA,A,40,35,68
63,main,22,Blue,BCA,A,68,65,31
63,main,23,Red,BCA,A,32,28,86
64,catch,0,Blue,ACB,A,82,61,37
64,catch,1,Red,ACB,A,85,60,31
64,catch,2,Blue,ACB,A,88,67,39
64,catch,3,Red,ACB,A,74,51,23
64,catch,4,Red,ACB,A,88,58,36
64,catch,5,Blue,ACB,A,85,61,34
64,catch,6,Red,ACB,A,94,67,43
64,catch,7,Blue,ACB,A,76,54,32
64,catch,8,Red,ACB,A,85,59,33
64,catch,9,Red,ACB,A,92,63,34
64,catch,10,Blue,ACB,A,69,49,22
64,catch,11,Blue,ACB,A,88,65,36
64,catch,12,Red,ACB,A,67,45,17
64,catch,13,Blue,ACB,A,62,38,18
64,catch,14,Blue,ACB,A,72,50,23
64,catch,15,Red,ACB,A,82,59,35
64,catch,16,Red,ACB,A,81,61,33
64,catch,17,Blue,ACB,A,86,60,36
64,catch,18,Red,ACB,A,92,70,42
64,catch,19,Blue,ACB,A,80,51,25
64,catch,20,Blue,ACB,A,72,42,22
64,catch,21,Red,ACB,A,68,43,19
64,catch,22,Blue,ACB,A,75,54,25
64,catch,23,Red,ACB,A,70,47,23
65,main,0,Red,ACB,C,36,74,77
65,main,1,Red,ACB,C,35,57,61
65,main,2,Red,ACB,C,36,64,67
65,main,3,Red,ACB,C,41,54,58
65,main,4,Blue,ACB,C,54,38,41
65,main,5,Blue,ACB,C,68,27,29
65,main,6,Blue,ACB,C,59,29,35
65,main,7,Blue,ACB,C,74,56,62
65,main,8,Blue,ACB,C,74,49,52
65,main,9,Blue,ACB,C,66,36,39
65,main,10,Red,ACB,C,34,74,77
65,main,11,Red,ACB,C,54,57,60
65,main,12,Blue,ACB,C,80,26,30
65,main,13,Blue,ACB,C,75,45,48
65,main,14,Red,ACB,C,39,65,67
65,main,15,Red,ACB,C,38,75,79
65,main,16,Blue,ACB,C,82,31,35
65,main,17,Red,ACB,C,39,68,73
65,main,18,Blue,ACB,C,72,42,46
65,main,19,Blue,ACB,C,66,29,33
65,main,20,Red,ACB,C,32,66,70
65,main,21,Red,ACB,C,40,61,65
65,main,22,Blue,ACB,C,68,27,32
65,main,23,Red,ACB,C,33,57,61
66,catch,0,Red,CBA,A,77,52,32
66,catch,1,Blue,CBA,A,64,42,21
66,catch,2,Blue,CBA,A,75,46,17
66,catch,3,Blue,CBA,A,73,49,27
66,catch,4,Red,CBA,A,79,55,31
66,catch,5,Blue,CBA,A,85,56,28
66,catch,6,Red,CBA,A,79,54,31
66,catch,7,Red,CBA,A,70,46,21
66,catch,8,Blue,CBA,A,83,60,32
66,catch,9,Red,CBA,A,75,53,24
66,catch,10,Blue,CBA,A,75,52,29
66,catch,11,Blue,CBA,A,70,48,21
66,catch,12,Blue,CBA,A,82,61,36
66,catch,13,Blue,CBA,A,77,49,28
66,catch,14,Blue,CBA,A,74,53,32
66,catch,15,Red,CBA,A,73,43,22
66,catch,16,Red,CBA,A,77,47,17
66,catch,17,Blue,CBA,A,81,57,27
66,catch,18,Red,CBA,A,91,63,33
66,catch,19,Red,CBA,A,90,62,39
66,catch,20,Red,CBA,A,75,52,29
66,catch,21,Red,CBA,A,83,61,35
66,catch,22,Blue,CBA,A,80,59,29
66,catch,23,Red,CBA,A,82,52,31
67,main,0,Red,BCA,A,40,35,77
67,main,1,Red,BCA,A,32,29,86
67,main,2,Red,BCA,A,40,38,73
67,main,3,Red,BCA,A,44,40,76
67,main,4,Blue,BCA,A,68,65,38
67,main,5,Blue,BCA,A,66,60,30
67,main,6,Blue,BCA,A,67,64,32
67,main,7,Blue,BCA,A,69,65,47
67,main,8,Blue,BCA,A,73,67,36
67,main,9,Blue,BCA,A,71,67,22
67,main,10,Red,BCA,A,44,39,80
67,main,11,Red,BCA,A,33,29,78
67,main,12,Blue,BCA,A,71,66,27
67,main,13,Blue,BCA,A,80,77,30
67,main,14,Red,BCA,A,40,36,66
67,main,15,Red,BCA,A,49,44,70
67,main,16,Blue,BCA,A,71,66,44
67,main,17,Red,BCA,A,51,46,77
67,main,18,Blue,BCA,A,78,74,22
67,main,19,Blue,BCA,A,68,63,47
67,main,20,Red,BCA,A,26,21,82
67,main,21,Red,BCA,A,39,36,70
67,main,22,Blue,BCA,A,70,65,45
67,main,23,Red,BCA,A,43,40,79
68,main,0,Red,ABC,A,38,36,77
68,main,1,Red,ABC,A,37,31,61
68,main,2,Red,ABC,A,43,40,73
68,main,3,Red,ABC,A,44,40,67
68,main,4,Blue,ABC,A,72,67,38
68,main,5,Blue,ABC,A,63,58,36
68,main,6,Blue,ABC,A,64,61,36
68,main,7,Blue,ABC,A,72,68,36
68,main,8,Blue,ABC,A,70,67,46
68,main,9,Blue,ABC,A,58,52,32
68,main,10,Red,ABC,A,39,36,58
68,main,11,Red,ABC,A,51,46,71
68,main,12,Blue,ABC,A,60,58,53
68,main,13,Blue,ABC,A,57,51,41
68,main,14,Red,ABC,A,45,42,62
68,main,15,Red,ABC,A,37,32,79
68,main,16,Blue,ABC,A,80,76,40
68,main,17,Red,ABC,A,37,34,68
68,main,18,Blue,ABC,A,60,55,31
68,main,19,Blue,ABC,A,66,63,43
68,main,20,Red,ABC,A,38,34,73
68,main,21,Red,ABC,A,45,42,70
68,main,22,Blue,ABC,A,68,66,33
68,main,23,Red,ABC,A,51,46,73
69,catch,0,Blue,BAC,A,72,48,23
69,catch,1,Red,BAC,A,77,49,22
69,catch,2,Red,BAC,A,76,53,25
69,catch,3,Red,BAC,A,61,34,13
69,catch,4,Blue,BAC,A,91,63,35
69,catch,5,Red,BAC,A,73,49,26
69,catch,6,Red,BAC,A,75,51,24
69,catch,7,Blue,BAC,A,89,62,37
69,catch,8,Blue,BAC,A,75,54,31
69,catch,9,Blue,BAC,A,88,59,34
69,catch,10,Blue,BAC,A,90,61,35
69,catch,11,Blue,BAC,A,86,60,32
69,catch,12,Red,BAC,A,78,55,30
69,catch,13,Red,BAC,A,71,43,22
69,catch,14,Red,BAC,A,66,43,18
69,catch,15,Blue,BAC,A,81,55,25
69,catch,16,Blue,BAC,A,74,53,31
69,catch,17,Red,BAC,A,67,46,25
69,catch,18,Blue,BAC,A,75,48,20
69,catch,19,Blue,BAC,A,84,60,37
69,catch,20,Blue,BAC,A,82,54,33
69,catch,21,Red,BAC,A,74,53,26
69,catch,22,Red,BAC,A,101,73,44
69,catch,23,Red,BAC,A,89,69,44
70,main,0,Red,BCA,C,54,62,67
70,main,1,Red,BCA,C,31,72,75
70,main,2,Red,BCA,C,40,58,61
70,main,3,Red,BCA,C,33,60,65
70,main,4,Blue,BCA,C,65,38,42
70,main,5,Blue,BCA,C,77,35,40
70,main,6,Blue,BCA,C,60,45,51
70,main,7,Blue,BCA,C,63,38,43
70,main,8,Blue,BCA,C,79,32,37
70,main,9,Blue,BCA,C,78,30,35
70,main,10,Red,BCA,C,35,53,55
70,main,11,Red,BCA,C,37,66,71
70,main,12,Blue,BCA,C,81,41,44
70,main,13,Blue,BCA,C,74,51,55
70,main,14,Red,BCA,C,43,79,83
70,main,15,Red,BCA,C,35,68,71
70,main,16,Blue,BCA,C,68,40,44
70,main,17,Red,BCA,C,48,63,67
70,main,18,Blue,BCA,C,74,29,34
70,main,19,Blue,BCA,C,75,41,46
70,main,20,Red,BCA,C,41,64,67
70,main,21,Red,BCA,C,41,68,74
70,main,22,Blue,BCA,C,68,44,48
70,main,23,Red,BCA,C,35,57,61
71,catch,0,Blue,ABC,A,82,58,32
71,catch,1,Red,ABC,A,68,45,17
71,catch,2,Red,ABC,A,73,52,31
71,catch,3,Red,ABC,A,85,56,31
71,catch,4,Red,ABC,A,91,64,38
71,catch,5,Blue,ABC,A,69,39,17
71,catch,6,Blue,ABC,A,79,58,30
71,catch,7,Blue,ABC,A,75,50,26
71,catch,8,Red,ABC,A,73,50,22
71,catch,9,Blue,ABC,A,75,45,17
71,catch,10,Blue,ABC,A,68,45,24
71,catch,11,Blue,ABC,A,82,58,32
71,catch,12,Red,ABC,A,75,47,22
71,catch,13,Red,ABC,A,81,52,22
71,catch,14,Red,ABC,A,85,65,36
71,catch,15,Blue,ABC,A,82,53,29
71,catch,16,Blue,ABC,A,84,58,36
71,catch,17,Blue,ABC,A,86,60,31
71,catch,18,Blue,ABC,A,76,46,24
71,catch,19,Red,ABC,A,85,58,34
71,catch,20,Blue,ABC,A,78,56,30
71,catch,21,Red,ABC,A,71,43,19
71,catch,22,Red,ABC,A,100,71,45
71,catch,23,Red,ABC,A,73,50,30
72,main,0,Red,BAC,C,42,58,62
72,main,1,Red,BAC,C,42,79,82
72,main,2,Red,BAC,C,44,76,79
72,main,3,Red,BAC,C,43,73,76
72,main,4,Blue,BAC,C,75,20,25
72,main,5,Blue,BAC,C,74,28,33
72,main,6,Blue,BAC,C,68,32,36
72,main,7,Blue,BAC,C,68,27,32
72,main,8,Blue,BAC,C,69,31,35
72,main,9,Blue,BAC,C,78,48,51
72,main,10,Red,BAC,C,32,66,70
72,main,11,Red,BAC,C,40,74,80
72,main,12,Blue,BAC,C,80,27,31
72,main,13,Blue,BAC,C,77,25,30
72,main,14,Red,BAC,C,51,49,54
72,main,15,Red,BAC,C,43,75,78
72,main,16,Blue,BAC,C,69,47,51
72,main,17,Red,BAC,C,51,72,76
72,main,18,Blue,BAC,C,70,54,56
72,main,19,Blue,BAC,C,61,29,34
72,main,20,Red,BAC,C,35,55,60
72,main,21,Red,BAC,C,42,86,90
72,main,22,Blue,BAC,C,71,41,47
72,main,23,Red,BAC,C,32,87,89
73,catch,0,Blue,BCA,A,77,48,24
73,catch,1,Red,BCA,A,93,64,40
73,catch,2,Blue,BCA,A,81,58,29
73,catch,3,Red,BCA,A,68,46,23
73,catch,4,Blue,BCA,A,87,59,35
73,catch,5,Red,BCA,A,82,57,37
73,catch,6,Red,BCA,A,103,79,50
73,catch,7,Blue,BCA,A,71,50,26
73,catch,8,Blue,BCA,A,84,62,37
73,catch,9,Blue,BCA,A,87,58,28
73,catch,10,Blue,BCA,A,94,71,45
73,catch,11,Red,BCA,A,76,56,35
73,catch,12,Blue,BCA,A,78,57,31
73,catch,13,Red,BCA,A,64,43,20
73,catch,14,Red,BCA,A,82,52,25
73,catch,15,Red,BCA,A,75,50,27
73,catch,16,Red,BCA,A,89,60,33
73,catch,17,Blue,BCA,A,71,44,22
73,catch,18,Blue,BCA,A,82,52,31
73,catch,19,Red,BCA,A,85,60,36
73,catch,20,Blue,BCA,A,79,57,31
73,catch,21,Red,BCA,A,81,52,25
73,catch,22,Blue,BCA,A,89,61,32
73,catch,23,Red,BCA,A,90,64,41
74,main,0,Red,CAB,A,33,28,72
74,main,1,Red,CAB,A,38,36,72
74,main,2,Red,CAB,A,25,21,71
74,main,3,Red,CAB,A,37,33,81
74,main,4,Blue,CAB,A,67,62,37
74,main,5,Blue,CAB,A,77,71,44
74,main,6,Blue,CAB,A,73,67,46
74,main,7,Blue,CAB,A,81,76,37
74,main,8,Blue,CAB,A,62,59,33
74,main,9,Blue,CAB,A,79,76,42
74,main,10,Red,CAB,A,36,32,69
74,main,11,Red,CAB,A,46,43,71
74,main,12,Blue,CAB,A,70,65,31
74,main,13,Blue,CAB,A,68,64,41
74,main,14,Red,CAB,A,49,43,70
74,main,15,Red,CAB,A,34,28,61
74,main,16,Blue,CAB,A,64,58,41
74,main,17,Red,CAB,A,37,32,67
74,main,18,Blue,CAB,A,78,76,35
74,main,19,Blue,CAB,A,81,78,38
74,main,20,Red,CAB,A,36,33,75
74,main,21,Red,CAB,A,44,39,66
74,main,22,Blue,CAB,A,72,69,54
74,main,23,Red,CAB,A,40,36,71
75,main,0,Red,CBA,C,46,65,70
75,main,1,Red,CBA,C,40,77,79
75,main,2,Red,CBA,C,38,65,68
75,main,3,Red,CBA,C,35,76,82
75,main,4,Blue,CBA,C,64,40,43
75,main,5,Blue,CBA,C,67,24,28
75,main,6,Blue,CBA,C,75,30,33
75,main,7,Blue,CBA,C,73,43,48
75,main,8,Blue,CBA,C,75,33,36
75,main,9,Blue,CBA,C,55,33,37
75,main,10,Red,CBA,C,39,55,59
75,main,11,Red,CBA,C,44,69,73
75,main,12,Blue,CBA,C,67,28,31
75,main,13,Blue,CBA,C,66,37,42
75,main,14,Red,CBA,C,29,59,63
75,main,15,Red,CBA,C,43,57,62
75,main,16,Blue,CBA,C,77,23,29
75,main,17,Red,CBA,C,45,64,69
75,main,18,Blue,CBA,C,60,46,51
75,main,19,Blue,CBA,C,78,38,41
75,main,20,Red,CBA,C,44,63,67
75,main,21,Red,CBA,C,40,73,75
75,main,22,Blue,CBA,C,74,44,48
75,main,23,Red,CBA,C,38,74,80
76,catch,0,Red,CBA,A,90,60,34
76,catch,1,Blue,CBA,A,90,62,40
76,catch,2,Red,CBA,A,67,44,22
76,catch,3,Red,CBA,A,74,51,23
76,catch,4,Blue,CBA,A,78,55,26
76,catch,5,Blue,CBA,A,81,54,24
76,catch,6,Blue,CBA,A,101,71,44
76,catch,7,Red,CBA,A,80,58,37
76,catch,8,Blue,CBA,A,82,54,32
76,catch,9,Red,CBA,A,91,64,38
76,catch,10,Blue,CBA,A,78,57,29
76,catch,11,Red,CBA,A,70,47,23
76,catch,12,Red,CBA,A,86,57,34
76,catch,13,Red,CBA,A,71,45,24
76,catch,14,Blue,CBA,A,79,53,27
76,catch,15,Blue,CBA,A,95,66,36
76,catch,16,Red,CBA,A,80,56,36
76,catch,17,Blue,CBA,A,73,44,24
76,catch,18,Red,CBA,A,74,46,21
76,catch,19,Blue,CBA,A,90,64,35
76,catch,20,Red,CBA,A,84,56,35
76,catch,21,Blue,CBA,A,76,55,33
76,catch,22,Blue,CBA,A,83,59,33
76,catch,23,Red,CBA,A,65,41,20
77,main,0,Red,CAB,C,32,51,56
77,main,1,Red,CAB,C,49,77,79
77,main,2,Red,CAB,C,47,72,75
77,main,3,Red,CAB,C,50,77,82
77,main,4,Blue,CAB,C,66,33,37
77,main,5,Blue,CAB,C,61,34,39
77,main,6,Blue,CAB,C,70,33,38
77,main,7,Blue,CAB,C,58,40,44
77,main,8,Blue,CAB,C,67,39,45
77,main,9,Blue,CAB,C,77,33,37
77,main,10,Red,CAB,C,48,66,69
77,main,11,Red,CAB,C,38,53,59
77,main,12,Blue,CAB,C,72,49,51
77,main,13,Blue,CAB,C,64,34,40
77,main,14,Red,CAB,C,32,62,66
77,main,15,Red,CAB,C,39,64,70
77,main,16,Blue,CAB,C,64,41,44
77,main,17,Red,CAB,C,36,67,71
77,main,18,Blue,CAB,C,70,32,38
77,main,19,Blue,CAB,C,81,35,39
77,main,20,Red,CAB,C,38,54,59
77,main,21,Red,CAB,C,45,63,68
77,main,22,Blue,CAB,C,73,34,38
77,main,23,Red,CAB,C,37,67,70
78,main,0,Red,CAB,A,48,44,72
78,main,1,Red,CAB,A,42,37,66
78,main,2,Red,CAB,A,59,53,76
78,main,3,Red,CAB,A,38,32,75
78,main,4,Blue,CAB,A,79,73,45
78,main,5,Blue,CAB,A,58,56,44
78,main,6,Blue,CAB,A,64,61,44
78,main,7,Blue,CAB,A,73,70,47
78,main,8,Blue,CAB,A,55,51,39
78,main,9,Blue,CAB,A,78,72,40
78,main,10,Red,CAB,A,29,27,51
78,main,11,Red,CAB,A,42,37,80
78,main,12,Blue,CAB,A,65,60,41
78,main,13,Blue,CAB,A,70,64,42
78,main,14,Red,CAB,A,42,40,76
78,main,15,Red,CAB,A,37,35,62
78,main,16,Blue,CAB,A,66,61,39
78,main,17,Red,CAB,A,44,42,65
78,main,18,Blue,CAB,A,92,88,48
78,main,19,Blue,CAB,A,70,64,42
78,main,20,Red,CAB,A,41,36,69
78,main,21,Red,CAB,A,37,32,79
78,main,22,Blue,CAB,A,80,75,39
78,main,23,Red,CAB,A,43,39,73
79,main,0,Red,CAB,A,48,43,64
79,main,1,Red,CAB,A,35,30,68
79,main,2,Red,CAB,A,41,37,73
79,main,3,Red,CAB,A,29,24,67
79,main,4,Blue,CAB,A,71,68,35
79,main,5,Blue,CAB,A,67,63,38
79,main,6,Blue,CAB,A,81,76,41
79,main,7,Blue,CAB,A,72,70,39
79,main,8,Blue,CAB,A,55,51,39
79,main,9,Blue,CAB,A,59,54,39
79,main,10,Red,CAB,A,35,32,70
79,main,11,Red,CAB,A,53,50,60
79,main,12,Blue,CAB,A,76,71,43
79,main,13,Blue,CAB,A,74,69,33
79,main,14,Red,CAB,A,38,34,74
79,main,15,Red,CAB,A,29,25,55
79,main,16,Blue,CAB,A,68,63,32
79,main,17,Red,CAB,A,27,24,67
79,main,18,Blue,CAB,A,65,61,40
79,main,19,Blue,CAB,A,76,71,41
79,main,20,Red,CAB,A,40,35,70
79,main,21,Red,CAB,A,40,36,69
79,main,22,Blue,CAB,A,64,60,50
79,main,23,Red,CAB,A,34,30,70
80,catch,0,Red,ACB,A,76,49,20
80,catch,1,Blue,ACB,A,92,66,36
80,catch,2,Red,ACB,A,77,53,24
80,catch,3,Red,ACB,A,82,56,28
80,catch,4,Red,ACB,A,77,52,30
80,catch,5,Blue,ACB,A,83,59,29
80,catch,6,Blue,ACB,A,80,57,28
80,catch,7,Red,ACB,A,74,45,17
80,catch,8,Blue,ACB,A,93,64,36
80,catch,9,Blue,ACB,A,73,47,23
80,catch,10,Blue,ACB,A,96,68,40
80,catch,11,Red,ACB,A,69,48,28
80,catch,12,Blue,ACB,A,87,61,33
80,catch,13,Red,ACB,A,79,59,35
80,catch,14,Red,ACB,A,94,66,42
80,catch,15,Red,ACB,A,77,50,28
80,catch,16,Blue,ACB,A,85,59,35
80,catch,17,Red,ACB,A,77,56,27
80,catch,18,Blue,ACB,A,73,46,21
80,catch,19,Blue,ACB,A,75,48,25
80,catch,20,Red,ACB,A,89,62,37
80,catch,21,Blue,ACB,A,84,62,37
80,catch,22,Blue,ACB,A,73,49,25
80,catch,23,Red,ACB,A,82,60,34
81,catch,0,Red,BCA,A,74,50,25
81,catch,1,Red,BCA,A,65,38,18
81,catch,2,Blue,BCA,A,81,55,32
81,catch,3,Blue,BCA,A,89,67,38
81,catch,4,Red,BCA,A,65,40,16
81,catch,5,Blue,BCA,A,85,59,30
81,catch,6,Red,BCA,A,68,45,22
81,catch,7,Blue,BCA,A,80,50,26
81,catch,8,Blue,BCA,A,83,59,35
81,catch,9,Blue,BCA,A,94,64,38
81,catch,10,Blue,BCA,A,73,53,24
81,catch,11,Red,BCA,A,93,66,40
81,catch,12,Blue,BCA,A,82,53,24
81,catch,13,Red,BCA,A,77,50,23
81,catch,14,Red,BCA,A,81,60,33
81,catch,15,Blue,BCA,A,77,51,24
81,catch,16,Red,BCA,A,65,43,14
81,catch,17,Red,BCA,A,83,54,34
81,catch,18,Blue,BCA,A,74,53,31
81,catch,19,Red,BCA,A,91,64,36
81,catch,20,Blue,BCA,A,82,52,32
81,catch,21,Red,BCA,A,79,53,32
81,catch,22,Blue,BCA,A,76,54,28
81,catch,23,Red,BCA,A,73,50,29
82,main,0,Red,ABC,A,17,15,71
82,main,1,Red,ABC,A,51,46,71
82,main,2,Red,ABC,A,43,40,68
82,main,3,Red,ABC,A,30,27,70
82,main,4,Blue,ABC,A,73,68,44
82,main,5,Blue,ABC,A,63,58,39
82,main,6,Blue,ABC,A,71,66,42
82,main,7,Blue,ABC,A,80,75,51
82,main,8,Blue,ABC,A,71,67,36
82,main,9,Blue,ABC,A,78,74,55
82,main,10,Red,ABC,A,45,42,61
82,main,11,Red,ABC,A,38,35,60
82,main,12,Blue,ABC,A,66,64,36
82,main,13,Blue,ABC,A,60,54,31
82,main,14,Red,ABC,A,34,28,72
82,main,15,Red,ABC,A,41,36,66
82,main,16,Blue,ABC,A,70,68,39
82,main,17,Red,ABC,A,37,31,66
82,main,18,Blue,ABC,A,75,71,46
82,main,19,Blue,ABC,A,70,65,26
82,main,20,Red,ABC,A,33,29,70
82,main,21,Red,ABC,A,31,28,62
82,main,22,Blue,ABC,A,67,62,37
82,main,23,Red,ABC,A,40,35,68
83,main,0,Red,BCA,C,36,66,71
83,main,1,Red,BCA,C,40,58,64
83,main,2,Red,BCA,C,44,61,63
83,main,3,Red,BCA,C,44,75,81
83,main,4,Blue,BCA,C,70,37,42
83,main,5,Blue,BCA,C,70,29,35
83,main,6,Blue,BCA,C,65,29,34
83,main,7,Blue,BCA,C,71,31,35
83,main,8,Blue,BCA,C,61,42,44
83,main,9,Blue,BCA,C,71,32,38
83,main,10,Red,BCA,C,33,62,64
83,main,11,Red,BCA,C,29,58,61
83,main,12,Blue,BCA,C,65,53,55
83,main,13,Blue,BCA,C,67,42,46
83,main,14,Red,BCA,C,41,59,65
83,main,15,Red,BCA,C,50,72,75
83,main,16,Blue,BCA,C,60,28,32
83,main,17,Red,BCA,C,42,54,59
83,main,18,Blue,BCA,C,65,41,43
83,main,19,Blue,BCA,C,74,46,49
83,main,20,Red,BCA,C,42,76,79
83,main,21,Red,BCA,C,43,50,56
83,main,22,Blue,BCA,C,82,38,42
83,main,23,Red,BCA,C,31,59,64
84,catch,0,Blue,BCA,A,79,54,32
84,catch,1,Blue,BCA,A,79,57,31
84,catch,2,Red,BCA,A,77,56,31
84,catch,3,Blue,BCA,A,79,57,30
84,catch,4,Red,BCA,A,81,59,33
84,catch,5,Blue,BCA,A,77,50,23
84,catch,6,Blue,BCA,A,74,44,23
84,catch,7,Blue,BCA,A,83,59,34
84,catch,8,Red,BCA,A,81,59,34
84,catch,9,Red,BCA,A,67,38,13
84,catch,10,Blue,BCA,A,62,41,19
84,catch,11,Red,BCA,A,95,73,45
84,catch,12,Red,BCA,A,65,44,23
84,catch,13,Blue,BCA,A,85,64,41
84,catch,14,Blue,BCA,A,99,69,40
84,catch,15,Blue,BCA,A,86,57,34
84,catch,16,Blue,BCA,A,78,50,24
84,catch,17,Red,BCA,A,91,65,41
84,catch,18,Red,BCA,A,86,63,43
84,catch,19,Red,BCA,A,72,49,22
84,catch,20,Red,BCA,A,86,59,34
84,catch,21,Red,BCA,A,81,55,30
84,catch,22,Red,BCA,A,75,49,26
84,catch,23,Blue,BCA,A,72,46,22
85,main,0,Red,ACB,A,41,39,64
85,main,1,Red,ACB,A,47,44,68
85,main,2,Red,ACB,A,40,37,80
85,main,3,Red,ACB,A,43,40,60
85,main,4,Blue,ACB,A,70,65,58
85,main,5,Blue,ACB,A,66,61,33
85,main,6,Blue,ACB,A,74,69,43
85,main,7,Blue,ACB,A,82,77,34
85,main,8,Blue,ACB,A,66,64,36
85,main,9,Blue,ACB,A,57,55,33
85,main,10,Red,ACB,A,42,39,63
85,main,11,Red,ACB,A,43,38,60
85,main,12,Blue,ACB,A,65,60,41
85,main,13,Blue,ACB,A,77,75,31
85,main,14,Red,ACB,A,36,31,71
85,main,15,Red,ACB,A,47,42,70
85,main,16,Blue,ACB,A,71,67,34
85,main,17,Red,ACB,A,42,36,68
85,main,18,Blue,ACB,A,60,54,41
85,main,19,Blue,ACB,A,61,57,47
85,main,20,Red,ACB,A,33,28,75
85,main,21,Red,ACB,A,28,23,75
85,main,22,Blue,ACB,A,65,59,45
85,main,23,Red,ACB,A,35,29,59
86,main,0,Red,CBA,C,36,59,62
86,main,1,Red,CBA,C,45,65,67
86,main,2,Red,CBA,C,41,60,65
86,main,3,Red,CBA,C,31,71,75
86,main,4,Blue,CBA,C,74,34,39
86,main,5,Blue,CBA,C,61,41,45
86,main,6,Blue,CBA,C,76,31,35
86,main,7,Blue,CBA,C,80,53,55
86,main,8,Blue,CBA,C,67,25,27
86,main,9,Blue,CBA,C,68,31,37
86,main,10,Red,CBA,C,35,72,76
86,main,11,Red,CBA,C,53,65,70
86,main,12,Blue,CBA,C,67,46,49
86,main,13,Blue,CBA,C,72,36,38
86,main,14,Red,CBA,C,43,52,56
86,main,15,Red,CBA,C,43,70,74
86,main,16,Blue,CBA,C,67,47,50
86,main,17,Red,CBA,C,33,66,71
86,main,18,Blue,CBA,C,70,44,47
86,main,19,Blue,CBA,C,70,33,35
86,main,20,Red,CBA,C,43,71,75
86,main,21,Red,CBA,C,39,61,64
86,main,22,Blue,CBA,C,72,31,36
86,main,23,Red,CBA,C,40,71,76
87,catch,0,Red,BAC,A,82,55,34
87,catch,1,Red,BAC,A,87,66,42
87,catch,2,Blue,BAC,A,70,46,26
87,catch,3,Red,BAC,A,70,45,20
87,catch,4,Red,BAC,A,72,44,22
87,catch,5,Blue,BAC,A,92,66,40
87,catch,6,Blue,BAC,A,74,50,25
87,catch,7,Blue,BAC,A,80,51,26
87,catch,8,Red,BAC,A,83,62,34
87,catch,9,Blue,BAC,A,84,58,33
87,catch,10,Blue,BAC,A,82,54,25
87,catch,11,Blue,BAC,A,91,68,43
87,catch,12,Blue,BAC,A,78,55,30
87,catch,13,Red,BAC,A,98,73,43
87,catch,14,Red,BAC,A,74,49,26
87,catch,15,Blue,BAC,A,64,43,23
87,catch,16,Red,BAC,A,87,62,33
87,catch,17,Blue,BAC,A,74,49,27
87,catch,18,Red,BAC,A,81,60,31
87,catch,19,Blue,BAC,A,79,50,22
87,catch,20,Red,BAC,A,101,75,52
87,catch,21,Red,BAC,A,63,43,16
87,catch,22,Red,BAC,A,76,55,34
87,catch,23,Blue,BAC,A,83,53,27
88,main,0,Red,BAC,A,41,36,63
88,main,1,Red,BAC,A,36,33,66
88,main,2,Red,BAC,A,34,32,71
88,main,3,Red,BAC,A,37,33,62
88,main,4,Blue,BAC,A,65,61,53
88,main,5,Blue,BAC,A,60,58,45
88,main,6,Blue,BAC,A,70,66,44
88,main,7,Blue,BAC,A,75,71,58
88,main,8,Blue,BAC,A,70,65,46
88,main,9,Blue,BAC,A,69,66,37
88,main,10,Red,BAC,A,43,39,72
88,main,11,Red,BAC,A,51,45,72
88,main,12,Blue,BAC,A,83,77,37
88,main,13,Blue,BAC,A,84,78,36
88,main,14,Red,BAC,A,36,32,73
88,main,15,Red,BAC,A,42,40,72
88,main,16,Blue,BAC,A,66,61,44
88,main,17,Red,BAC,A,42,39,64
88,main,18,Blue,BAC,A,78,74,44
88,main,19,Blue,BAC,A,64,60,47
88,main,20,Red,BAC,A,29,24,65
88,main,21,Red,BAC,A,53,48,59
88,main,22,Blue,BAC,A,72,69,48
88,main,23,Red,BAC,A,44,40,68
89,main,0,Red,BAC,A,42,40,62
89,main,1,Red,BAC,A,42,37,82
89,main,2,Red,BAC,A,44,39,79
89,main,3,Red,BAC,A,43,40,76
89,main,4,Blue,BAC,A,75,73,25
89,main,5,Blue,BAC,A,74,68,33
89,main,6,Blue,BAC,A,68,65,36
89,main,7,Blue,BAC,A,68,66,32
89,main,8,Blue,BAC,A,69,66,35
89,main,9,Blue,BAC,A,78,73,51
89,main,10,Red,BAC,A,32,29,70
89,main,11,Red,BAC,A,40,36,80
89,main,12,Blue,BAC,A,80,76,31
89,main,13,Blue,BAC,A,77,75,30
89,main,14,Red,BAC,A,51,47,54
89,main,15,Red,BAC,A,43,40,78
89,main,16,Blue,BAC,A,69,65,51
89,main,17,Red,BAC,A,51,46,76
89,main,18,Blue,BAC,A,70,68,56
89,main,19,Blue,BAC,A,61,56,34
89,main,20,Red,BAC,A,35,31,60
89,main,21,Red,BAC,A,42,39,90
89,main,22,Blue,BAC,A,71,66,47
89,main,23,Red,BAC,A,32,29,89
90,main,0,Red,CAB,A,32,28,56
90,main,1,Red,CAB,A,49,43,79
90,main,2,Red,CAB,A,47,43,75
90,main,3,Red,CAB,A,50,45,82
90,main,4,Blue,CAB,A,66,63,37
90,main,5,Blue,CAB,A,61,58,39
90,main,6,Blue,CAB,A,70,65,38
90,main,7,Blue,CAB,A,58,55,44
90,main,8,Blue,CAB,A,67,64,45
90,main,9,Blue,CAB,A,77,73,37
90,main,10,Red,CAB,A,48,45,69
90,main,11,Red,CAB,A,38,34,59
90,main,12,Blue,CAB,A,72,68,51
90,main,13,Blue,CAB,A,64,62,40
90,main,14,Red,CAB,A,32,30,66
90,main,15,Red,CAB,A,39,35,70
90,main,16,Blue,CAB,A,64,59,44
90,main,17,Red,CAB,A,36,32,71
90,main,18,Blue,CAB,A,70,68,38
90,main,19,Blue,CAB,A,81,75,39
90,main,20,Red,CAB,A,38,34,59
90,main,21,Red,CAB,A,45,42,68
90,main,22,Blue,CAB,A,73,69,38
90,main,23,Red,CAB,A,37,34,70
91,main,0,Red,CBA,A,41,36,69
91,main,1,Red,CBA,A,44,39,72
91,main,2,Red,CBA,A,50,48,63
91,main,3,Red,CBA,A,48,44,65
91,main,4,Blue,CBA,A,61,58,32
91,main,5,Blue,CBA,A,66,62,45
91,main,6,Blue,CBA,A,66,62,29
91,main,7,Blue,CBA,A,70,66,44
91,main,8,Blue,CBA,A,72,70,34
91,main,9,Blue,CBA,A,60,56,47
91,main,10,Red,CBA,A,46,43,84
91,main,11,Red,CBA,A,36,30,68
91,main,12,Blue,CBA,A,69,66,46
91,main,13,Blue,CBA,A,74,72,32
91,main,14,Red,CBA,A,47,44,65
91,main,15,Red,CBA,A,37,32,68
91,main,16,Blue,CBA,A,67,62,43
91,main,17,Red,CBA,A,39,37,77
91,main,18,Blue,CBA,A,72,67,48
91,main,19,Blue,CBA,A,54,50,39
91,main,20,Red,CBA,A,41,39,76
91,main,21,Red,CBA,A,38,33,71
91,main,22,Blue,CBA,A,80,74,34
91,main,23,Red,CBA,A,49,45,76
92,main,0,Red,CBA,A,46,44,70
92,main,1,Red,CBA,A,40,36,79
92,main,2,Red,CBA,A,38,33,68
92,main,3,Red,CBA,A,35,33,82
92,main,4,Blue,CBA,A,64,60,43
92,main,5,Blue,CBA,A,67,61,28
92,main,6,Blue,CBA,A,75,70,33
92,main,7,Blue,CBA,A,73,71,48
92,main,8,Blue,CBA,A,75,72,36
92,main,9,Blue,CBA,A,55,49,37
92,main,10,Red,CBA,A,39,36,59
92,main,11,Red,CBA,A,44,39,73
92,main,12,Blue,CBA,A,67,64,31
92,main,13,Blue,CBA,A,66,63,42
92,main,14,Red,CBA,A,29,26,63
92,main,15,Red,CBA,A,43,38,62
92,main,16,Blue,CBA,A,77,74,29
92,main,17,Red,CBA,A,45,42,69
92,main,18,Blue,CBA,A,60,55,51
92,main,19,Blue,CBA,A,78,74,41
92,main,20,Red,CBA,A,44,42,67
92,main,21,Red,CBA,A,40,37,75
92,main,22,Blue,CBA,A,74,70,48
92,main,23,Red,CBA,A,38,35,80
93,main,0,Red,ABC,A,40,36,92
93,main,1,Red,ABC,A,48,44,71
93,main,2,Red,ABC,A,41,39,70
93,main,3,Red,ABC,A,47,44,82
93,main,4,Blue,ABC,A,78,75,29
93,main,5,Blue,ABC,A,74,69,45
93,main,6,Blue,ABC,A,77,72,37
93,main,7,Blue,ABC,A,74,68,37
93,main,8,Blue,ABC,A,65,62,35
93,main,9,Blue,ABC,A,74,71,56
93,main,10,Red,ABC,A,43,37,77
93,main,11,Red,ABC,A,43,37,60
93,main,12,Blue,ABC,A,75,70,48
93,main,13,Blue,ABC,A,74,69,41
93,main,14,Red,ABC,A,34,30,76
93,main,15,Red,ABC,A,33,31,75
93,main,16,Blue,ABC,A,68,65,40
93,main,17,Red,ABC,A,30,28,70
93,main,18,Blue,ABC,A,68,66,45
93,main,19,Blue,ABC,A,97,94,27
93,main,20,Red,ABC,A,32,27,81
93,main,21,Red,ABC,A,44,40,77
93,main,22,Blue,ABC,A,75,70,32
93,main,23,Red,ABC,A,41,38,71
94,main,0,Red,BAC,A,51,47,64
94,main,1,Red,BAC,A,30,27,64
94,main,2,Red,BAC,A,48,45,68
94,main,3,Red,BAC,A,25,22,55
94,main,4,Blue,BAC,A,76,71,50
94,main,5,Blue,BAC,A,61,58,31
94,main,6,Blue,BAC,A,75,72,39
94,main,7,Blue,BAC,A,63,58,40
94,main,8,Blue,BAC,A,59,55,44
94,main,9,Blue,BAC,A,72,69,38
94,main,10,Red,BAC,A,29,26,73
94,main,11,Red,BAC,A,36,31,60
94,main,12,Blue,BAC,A,69,67,48
94,main,13,Blue,BAC,A,75,71,42
94,main,14,Red,BAC,A,36,34,66
94,main,15,Red,BAC,A,36,32,60
94,main,16,Blue,BAC,A,83,77,42
94,main,17,Red,BAC,A,43,39,65
94,main,18,Blue,BAC,A,65,63,43
94,main,19,Blue,BAC,A,66,62,42
94,main,20,Red,BAC,A,40,35,74
94,main,21,Red,BAC,A,53,49,76
94,main,22,Blue,BAC,A,63,59,43
94,main,23,Red,BAC,A,43,39,69
95,catch,0,Blue,BCA,A,84,55,31
95,catch,1,Red,BCA,A,87,57,37
95,catch,2,Red,BCA,A,89,63,33
95,catch,3,Red,BCA,A,76,53,24
95,catch,4,Blue,BCA,A,90,64,39
95,catch,5,Red,BCA,A,74,53,29
95,catch,6,Red,BCA,A,78,50,29
95,catch,7,Red,BCA,A,73,48,24
95,catch,8,Blue,BCA,A,79,54,30
95,catch,9,Blue,BCA,A,74,51,21
95,catch,10,Red,BCA,A,75,52,31
95,catch,11,Blue,BCA,A,94,67,39
95,catch,12,Blue,BCA,A,86,65,37
95,catch,13,Blue,BCA,A,102,74,45
95,catch,14,Blue,BCA,A,94,66,38
95,catch,15,Red,BCA,A,87,62,37
95,catch,16,Blue,BCA,A,82,55,28
95,catch,17,Red,BCA,A,80,57,33
95,catch,18,Blue,BCA,A,80,50,29
95,catch,19,Red,BCA,A,87,65,36
95,catch,20,Blue,BCA,A,80,53,31
95,catch,21,Blue,BCA,A,91,62,39
95,catch,22,Red,BCA,A,76,52,24
95,catch,23,Red,BCA,A,87,64,37
